No,Nama,LLDikti
1,Akademi Administrasi Rumah Sakit Mataram,8.0
2,Akademi Akuntansi (Aktan) Boekittinggi,10.0
3,Akademi Akuntansi Bandung,4.0
4,Akademi Akuntansi Bina Insani,4.0
5,Akademi Akuntansi Borobudur,3.0
6,Akademi Akuntansi Dan Komputer Stephen Jambi,10.0
7,Akademi Akuntansi Dan Manajemen Mitra Lampung,2.0
8,Akademi Akuntansi Dan Manajemen Pembangunan,10.0
9,Akademi Akuntansi Denpasar,8.0
10,Akademi Akuntansi Effendi Harahap,6.0
11,Akademi Akuntansi Indonesia Padang,10.0
12,Akademi Akuntansi Jayabaya,3.0
13,Akademi Akuntansi Keuangan Dan Perbankan Indonesia,4.0
14,Akademi Akuntansi Lampung,2.0
15,Akademi Akuntansi Muhammadiyah Klaten,6.0
16,Akademi Akuntansi Permata Harapan Batam,10.0
17,Akademi Akuntansi Pgri Jember,7.0
18,Akademi Akuntansi Riau,10.0
19,Akademi Akuntansi Yai Jakarta,3.0
20,Akademi Akuntansi Ykpn,5.0
21,Akademi Akuntansi Ypk Medan,1.0
22,Akademi Akupunktur Surabaya,
23,Akademi Analis Farmasi Al-Islam,
24,Akademi Analis Farmasi Dan Makanan Banda Aceh,
25,Akademi Analis Farmasi Dan Makanan Putra Indonesia,
26,Akademi Analis Farmasi Dan Makanan Sunan Giri Ponorogo,7.0
27,Akademi Analis Kesehatan 17 Agustus 1945 Semarang,
28,Akademi Analis Kesehatan An Nasher,
29,Akademi Analis Kesehatan Delima Husada Gresik,
30,Akademi Analis Kesehatan Harapan Bangsa,2.0
31,Akademi Analis Kesehatan Malang,
32,Akademi Analis Kesehatan Manggala Yogyakarta,5.0
33,Akademi Analis Kesehatan Muhammadiyah Makassar,
34,Akademi Analis Kesehatan Pekalongan,
35,Akademi Analis Kesehatan Pekanbaru,
36,Akademi Analis Kesehatan Putra Jaya Batam,
37,Akademi Analis Kesehatan Widya Dharma,
38,Akademi Angkatan Laut Surabaya,
39,Akademi Angkatan Udara (Aau),
40,Akademi Audiologi Indonesia,
41,Akademi Bahasa Asing Balikpapan,11.0
42,Akademi Bahasa Asing Bina Insan Indonesia,2.0
43,Akademi Bahasa Asing Colorado Samarinda,11.0
44,Akademi Bahasa Asing Dian Cipta Cendikia,2.0
45,Akademi Bahasa Asing Harapan Bangsa,6.0
46,Akademi Bahasa Asing Internasional Bandung,4.0
47,Akademi Bahasa Asing Permata Harapan,10.0
48,Akademi Bahasa Asing Permata Hati Tarakan,11.0
49,Akademi Bahasa Asing Persada Bunda,10.0
50,Akademi Bahasa Asing Sinema Yogyakarta,5.0
51,Akademi Bahasa Asing St Pignatelli,6.0
52,Akademi Bahasa Asing Umi Makassar,9.0
53,Akademi Bahasa Asing Widya Dharma,11.0
54,Akademi Bakti Kemanusiaan Palang Merah Indonesia,
55,Akademi Enterpreneurship Terang Bangsa,6.0
56,Akademi Farmasi Yarsi Pontianak,
57,Akademi Farmasi Al-Ishlah Cilegon,
58,Akademi Farmasi Bhumi Husada,
59,Akademi Farmasi Bina Farmasi,
60,Akademi Farmasi Bumi Siliwangi,
61,Akademi Farmasi Dwi Farma,
62,Akademi Farmasi Imam Bonjol,
63,Akademi Farmasi Indah Deli Serdang,
64,Akademi Farmasi Indonesia Yogyakarta,
65,Akademi Farmasi Institut Kejuruan Ilmu Farmasi,3.0
66,Akademi Farmasi Isfi Banjarmasin,11.0
67,Akademi Farmasi Jember,
68,Akademi Farmasi Kaltara Tarakan,
69,Akademi Farmasi Kebangsaan Makassar,
70,Akademi Farmasi Kusuma Husada Purwokerto,
71,Akademi Farmasi Mahadhika,
72,Akademi Farmasi Mitra Sehat Mandiri Sidoarjo,
73,Akademi Farmasi Muhammadiyah Cirebon,4.0
74,Akademi Farmasi Muhammadiyah Kabupaten Kuningan,
75,Akademi Farmasi Nusaputera,
76,Akademi Farmasi Prayoga Padang,
77,Akademi Farmasi Putra Indonesia Malang,
78,Akademi Farmasi Ranah Minang,
79,Akademi Farmasi Sandi Karsa,9.0
80,Akademi Farmasi Santo Fransiskus Xaverius,
81,Akademi Farmasi Saraswati Denpasar,8.0
82,Akademi Farmasi Surabaya,
83,Akademi Farmasi Tadulako Farma,
84,Akademi Farmasi Theresiana,6.0
85,Akademi Farmasi Toraja,
86,Akademi Farmasi Yamasi Makassar,
87,Akademi Farmasi Yayasan Al-Fatah,
88,Akademi Farmasi Yayasan Tenaga Pembangunan Arjuna Laguboti,
89,Akademi Farmasi Ypf,
90,Akademi Farmasi Yppm Mandiri,
91,Akademi Fisioterapi Harapan Bangsa Banda Aceh,
92,Akademi Fisioterapi Muhammadiyah Aceh,
93,Akademi Fisioterapi Rumah Sakit Dustira,
94,Akademi Fisioterapi Widya Husada,6.0
95,Akademi Fisioterapi Yab Yogyakarta,5.0
96,Akademi Gizi Andalusia,
97,Akademi Gizi Karya Husada Kediri,7.0
98,Akademi Ilmu Gizi Ypag Makassar,
99,Akademi Ilmu Komputer Ternate,12.0
100,Akademi Ilmu Pelayaran Nusa Tenggara,8.0
101,Akademi Industri Tekstil Bandung,4.0
102,Akademi Informatika Dan Komputer Medicom,1.0
103,Akademi Kebidanan Abdi Persada,
104,Akademi Kebidanan Abdurahman,
105,Akademi Kebidanan Adila,2.0
106,Akademi Kebidanan Agatha,1.0
107,Akademi Kebidanan Agung Husada,
108,Akademi Kebidanan Aifa Husada Bangkalan,
109,Akademi Kebidanan Aisyah Kabupaten Pangkep,
110,Akademi Kebidanan Aisyiyah Pontianak,11.0
111,Akademi Kebidanan Al-Fathonah Jakarta,3.0
112,Akademi Kebidanan Alifa Pringsewu Lampung,
113,Akademi Kebidanan Alifah Padang,
114,Akademi Kebidanan Al-Ikhlas Cisarua,
115,Akademi Kebidanan Al-Ishlah Cilegon,4.0
116,Akademi Kebidanan Al-Sua'Ibah Palembang,
117,Akademi Kebidanan Amanah Muara Bungo,
118,Akademi Kebidanan Annisa Jaya,
119,Akademi Kebidanan An-Nur Husada Walisongo,
120,Akademi Kebidanan An-Nur Purwodadi,6.0
121,Akademi Kebidanan Anugerah Bintan,10.0
122,Akademi Kebidanan Ar-Rahma,7.0
123,Akademi Kebidanan Ar-Rahmah Bandung,
124,Akademi Kebidanan Ar-Rum Salatiga,6.0
125,Akademi Kebidanan Arta Kabanjahe,
126,Akademi Kebidanan As Syifa,
127,Akademi Kebidanan Assyifa Tangerang,
128,Akademi Kebidanan Audi Husada Medan,1.0
129,Akademi Kebidanan Bakti Indonesia Balikpapan,
130,Akademi Kebidanan Bakti Indonesia Bogor,
131,Akademi Kebidanan Bali Wisnu Dharma Denpasar,
132,Akademi Kebidanan Bandung,4.0
133,Akademi Kebidanan Banjarbaru,
134,Akademi Kebidanan Banua Bina Husada,
135,Akademi Kebidanan Baruna Husada Sibuhuan,1.0
136,Akademi Kebidanan Batari Toja,
137,Akademi Kebidanan Berlian Nusantara,
138,Akademi Kebidanan Betang Asi Raya,
139,Akademi Kebidanan Bhakti Asih,
140,Akademi Kebidanan Bhakti Bangsa,
141,Akademi Kebidanan Bhakti Husada Cikarang,4.0
142,Akademi Kebidanan Bhakti Nugraha,
143,Akademi Kebidanan Bhakti Nusantara Salatiga,
144,Akademi Kebidanan Bhakti Pertiwi Pemalang,
145,Akademi Kebidanan Bhakti Purna Husada,4.0
146,Akademi Kebidanan Bhakti Putra Bangsa Purworejo,6.0
147,Akademi Kebidanan Bina Daya Husada,
148,Akademi Kebidanan Bina Husada,
149,Akademi Kebidanan Bina Husada Tangerang,
150,Akademi Kebidanan Bina Sehat Nusantara,
151,Akademi Kebidanan Borneo Medistra,
152,Akademi Kebidanan Budi Mulia,10.0
153,Akademi Kebidanan Bunda Auni,
154,Akademi Kebidanan Bunda Kotamobagu,
155,Akademi Kebidanan Bunga Bangsa Idi,
156,Akademi Kebidanan Bunga Bangsaku Bangka,
157,Akademi Kebidanan Bunga Husada,
158,Akademi Kebidanan Bunga Kalimantan,
159,Akademi Kebidanan Buton Raya,9.0
160,Akademi Kebidanan Cianjur,4.0
161,Akademi Kebidanan Darmais Padangsidimpuan,
162,Akademi Kebidanan Darmo Medan,1.0
163,Akademi Kebidanan Darul Husada,
164,Akademi Kebidanan Darussalam,13.0
165,Akademi Kebidanan Dehasen Bengkulu,2.0
166,Akademi Kebidanan Deli Husada Delitua Medan,1.0
167,Akademi Kebidanan Delima,
168,Akademi Kebidanan Dharma Husada Kediri,7.0
169,Akademi Kebidanan Dharma Husada Pekanbaru,
170,Akademi Kebidanan Dharma Praja Bondowoso,
171,Akademi Kebidanan Duta Dharma Pati,
172,Akademi Kebidanan Farama Mulya,
173,Akademi Kebidanan Gatra Buana Gurabati Tidore,
174,Akademi Kebidanan Gema Nusantara Bekasi,
175,Akademi Kebidanan Gemilang Husada Kotabumi,2.0
176,Akademi Kebidanan Graha Ananda,
177,Akademi Kebidanan Graha Husada Sampang,
178,Akademi Kebidanan Graha Mandiri Cilacap,6.0
179,Akademi Kebidanan Griya Husada,7.0
180,Akademi Kebidanan Hafsyah Medan,
181,Akademi Kebidanan Haji Amirullah,
182,Akademi Kebidanan Hampar Baiduri,
183,Akademi Kebidanan Hang Jebat,
184,Akademi Kebidanan Harapan Bunda,8.0
185,Akademi Kebidanan Harapan Ibu Langsa,
186,Akademi Kebidanan Harapan Ibu Pekalongan,
187,Akademi Kebidanan Harapan Keluarga,1.0
188,Akademi Kebidanan Harapan Mama Deli Serdang,
189,Akademi Kebidanan Harapan Mulya Ponorogo,7.0
190,Akademi Kebidanan Helvetia Medan,1.0
191,Akademi Kebidanan Heppy Zal Palembang,
192,Akademi Kebidanan Hisarma Medan,
193,Akademi Kebidanan Husada Gemilang,10.0
194,Akademi Kebidanan Ibrahimy,7.0
195,Akademi Kebidanan Ibtisam Aulia,
196,Akademi Kebidanan Ika Bina Labuhan Batu,1.0
197,Akademi Kebidanan Imam Bonjol,10.0
198,Akademi Kebidanan Indragiri,
199,Akademi Kebidanan Internasional Pekanbaru,10.0
200,Akademi Kebidanan Jember,
201,Akademi Kebidanan Kamanre Palopo,9.0
202,Akademi Kebidanan Kartika Mitra Husada,
203,Akademi Kebidanan Kartini Jakarta,
204,Akademi Kebidanan Karya Bunda Husada,4.0
205,Akademi Kebidanan Keluarga Bunda Jambi,
206,Akademi Kebidanan Keris Husada,3.0
207,Akademi Kebidanan Kh Putra,
208,Akademi Kebidanan Kharisma Husada Binjai,
209,Akademi Kebidanan Kholisatur Rahmi,
210,Akademi Kebidanan Kudus,
211,Akademi Kebidanan Kutai Husada,
212,Akademi Kebidanan La Tansa Mashiro,
213,Akademi Kebidanan Laksamana,
214,Akademi Kebidanan Langkat,
215,Akademi Kebidanan Lapatau Bone,9.0
216,Akademi Kebidanan Madina Husada,
217,Akademi Kebidanan Makariwo,
218,Akademi Kebidanan Mandiri Gresik,7.0
219,Akademi Kebidanan Manna,
220,Akademi Kebidanan Matorkis,1.0
221,Akademi Kebidanan Medica Bakti Nusantara,
222,Akademi Kebidanan Medica Bakti Persada,
223,Akademi Kebidanan Medika Wiyata Kediri,
224,Akademi Kebidanan Menara Bunda,9.0
225,Akademi Kebidanan Menara Primadani,
226,Akademi Kebidanan Minasa Upa,
227,Akademi Kebidanan Mitra Husada Medan,1.0
228,Akademi Kebidanan Mitra Husada Padang,
229,Akademi Kebidanan Mitra Sehat Sidoarjo,7.0
230,Akademi Kebidanan Mitra Syuhada Padangsidimpuan,1.0
231,Akademi Kebidanan Muhammadiyah Banda Aceh,
232,Akademi Kebidanan Muhammadiyah Kotim,
233,Akademi Kebidanan Mulia Madani Yogyakarta,
234,Akademi Kebidanan Munawarrah Bireuen,1.0
235,Akademi Kebidanan Muslimat Nahdlatul Ulama Kudus,
236,Akademi Kebidanan Mutiara Mahakam,11.0
237,Akademi Kebidanan Namira Kotanopan,1.0
238,Akademi Kebidanan Nurul Hasanah,
239,Akademi Kebidanan Nusantara 2000,
240,Akademi Kebidanan Nusantara Indonesia Lubuklinggau,
241,Akademi Kebidanan Nusantara Jaya,9.0
242,Akademi Kebidanan Nyai Ahmad Dahlan Yogyakarta,
243,Akademi Kebidanan Palu Sulawesi Tengah,
244,Akademi Kebidanan Paluta Husada,
245,Akademi Kebidanan Pamenang,7.0
246,Akademi Kebidanan Panca Bhakti,
247,Akademi Kebidanan Panca Bhakti Pontianak,
248,Akademi Kebidanan Panti Wilasa,6.0
249,Akademi Kebidanan Paramata Raha,
250,Akademi Kebidanan Pasaman Barat,10.0
251,Akademi Kebidanan Patriot Bangsa Husada Lampung,
252,Akademi Kebidanan Payung Pelalawan,
253,Akademi Kebidanan Pelita Ilmu,4.0
254,Akademi Kebidanan Pemerintah Kabupaten Karo Kabanjahe,
255,Akademi Kebidanan Pemerintah Provinsi Bali Singaraja,
256,Akademi Kebidanan Pemkab Muara Enim,
257,Akademi Kebidanan Permata Husada Samarinda,
258,Akademi Kebidanan Persada Palembang,
259,Akademi Kebidanan Persada Wajo,9.0
260,Akademi Kebidanan Petro Mandau Husada,10.0
261,Akademi Kebidanan Pgri Kediri,7.0
262,Akademi Kebidanan Pondok Pesantren Assanadiyah,
263,Akademi Kebidanan Prima Husada,
264,Akademi Kebidanan Prima Indonesia,4.0
265,Akademi Kebidanan Prima Sengkang,9.0
266,Akademi Kebidanan Public Health Medical Nursing Meulaboh,
267,Akademi Kebidanan Putra Jaya Mandiri Batam,
268,Akademi Kebidanan Putri Bangsa Pariaman,
269,Akademi Kebidanan Rangga Husada Prabumulih,
270,Akademi Kebidanan Reformasi,
271,Akademi Kebidanan Respati,4.0
272,Akademi Kebidanan Rizki Patya,
273,Akademi Kebidanan Rspad Gatot Soebroto,3.0
274,Akademi Kebidanan Saleha,
275,Akademi Kebidanan Salma,
276,Akademi Kebidanan Sandi Karsa,9.0
277,Akademi Kebidanan Sari Mutiara Medan,1.0
278,Akademi Kebidanan Sayid Sabiq Indramayu,
279,Akademi Kebidanan Sehat Medan,
280,Akademi Kebidanan Sehati,
281,Akademi Kebidanan Sempena Negeri Pekanbaru,
282,Akademi Kebidanan Sentra Bina Yudhistira Tangerang,
283,Akademi Kebidanan Sentral,
284,Akademi Kebidanan Sifra Husada,
285,Akademi Kebidanan Sinar Kasih Toraja,
286,Akademi Kebidanan Singkawang,
287,Akademi Kebidanan Sismadi,
288,Akademi Kebidanan Siti Fatimah,6.0
289,Akademi Kebidanan St. Benedicta Pontianak,11.0
290,Akademi Kebidanan Sukawati Lawang,
291,Akademi Kebidanan Surya Mandiri Kota Bima,
292,Akademi Kebidanan Tahirah Al Baeti Bulukumba,
293,Akademi Kebidanan Tarutung Pemkab Tapanuli Utara,
294,Akademi Kebidanan Tiara Bunda,
295,Akademi Kebidanan Trinita Manado,
296,Akademi Kebidanan Tunas Harapan Bangsa,
297,Akademi Kebidanan Umi Bagan Batu,
298,Akademi Kebidanan Ummi Khasanah,5.0
299,Akademi Kebidanan Wahana Husada Bandar Jaya,2.0
300,Akademi Kebidanan Wijaya Husada,4.0
301,Akademi Kebidanan Wira Buana Metro,
302,Akademi Kebidanan Wira Husada Nusantara,7.0
303,Akademi Kebidanan Wiyata Mitra Husada Nganjuk,
304,Akademi Kebidanan Yaleka Maro Merauke,
305,Akademi Kebidanan Yapkesbi Banjarbaru,11.0
306,Akademi Kebidanan Yapma Makassar,
307,Akademi Kebidanan Yappi Sragen,6.0
308,Akademi Kebidanan Yaspen Tugu Ibu,
309,Akademi Kebidanan Yayasan Kesehatan Nasional,9.0
310,Akademi Kebidanan Yayasan Pendidikan Mona,13.0
311,Akademi Kebidanan Yayasan Rumah Sakit Jakarta,
312,Akademi Kebidanan Ypdr,
313,Akademi Kebidanan Ypsdmi,
314,Akademi Kelautan Banyuwangi,7.0
315,Akademi Keperawatan Abulyatama,
316,Akademi Keperawatan Aisyiyah Padang,10.0
317,Akademi Keperawatan Al Hikmah,
318,Akademi Keperawatan Al-Ikhlas Cisarua,
319,Akademi Keperawatan Alkautsar Temanggung,
320,Akademi Keperawatan Al-Ma Arif,
321,Akademi Keperawatan Andakara,
322,Akademi Keperawatan Andalusia Jakarta,
323,Akademi Keperawatan Antariksa,
324,Akademi Keperawatan Arta Kabanjahe,1.0
325,Akademi Keperawatan As-Syafi`Iyah,3.0
326,Akademi Keperawatan Bahrul Ulum Jombang,
327,Akademi Keperawatan Baitul Hikmah,
328,Akademi Keperawatan Baiturrahmah Padang,10.0
329,Akademi Keperawatan Bala Keselamatan,16.0
330,Akademi Keperawatan Baramuli,16.0
331,Akademi Keperawatan Batari Toja,
332,Akademi Keperawatan Berkala Widya Husada,
333,Akademi Keperawatan Bethesda Serukam,
334,Akademi Keperawatan Bethesda Tomohon,
335,Akademi Keperawatan Bhakti Husada Cikarang,
336,Akademi Keperawatan Bidara Mukti,
337,Akademi Keperawatan Bina Husada Tebing Tinggi,
338,Akademi Keperawatan Bina Insan Jakarta,3.0
339,Akademi Keperawatan Bina Insani Sakti,10.0
340,Akademi Keperawatan Binalita Sudama,
341,Akademi Keperawatan Bunda Delima,
342,Akademi Keperawatan Buntet Pesantren,4.0
343,Akademi Keperawatan Columbia Asia,
344,Akademi Keperawatan Darmo Medan,1.0
345,Akademi Keperawatan Deli Husada Delitua Medan,1.0
346,Akademi Keperawatan Dharma Husada,
347,Akademi Keperawatan Dharma Husada Cirebon,
348,Akademi Keperawatan Dharma Husada Pekanbaru,10.0
349,Akademi Keperawatan Dharma Insan Pontianak,
350,Akademi Keperawatan Dharma Wacana Metro,
351,Akademi Keperawatan Dian Husada,
352,Akademi Keperawatan Dr. Soedono Provinsi Jawa Timur,
353,Akademi Keperawatan Fatima Pare-Pare,
354,Akademi Keperawatan Fatmawati,3.0
355,Akademi Keperawatan Garuda Putih Jambi,
356,Akademi Keperawatan Giri Satria Husada,
357,Akademi Keperawatan Gita Matura Abadi Kisaran,1.0
358,Akademi Keperawatan Gunung Maria,
359,Akademi Keperawatan Hang Tuah Jakarta,
360,Akademi Keperawatan Harapan Mama Deli Serdang,
361,Akademi Keperawatan Harum,3.0
362,Akademi Keperawatan Helvetia,
363,Akademi Keperawatan Husada Karya Jaya,3.0
364,Akademi Keperawatan Ibnu Sina Kota Sabang,13.0
365,Akademi Keperawatan Insan Husada Surakarta,
366,Akademi Keperawatan Intan Martapura,11.0
367,Akademi Keperawatan Islamic Village,
368,Akademi Keperawatan Kaltara Tarakan,11.0
369,Akademi Keperawatan Karya Bhakti Nusantara,6.0
370,Akademi Keperawatan Keris Husada Jakarta,
371,Akademi Keperawatan Kesdam I/ Bukit Barisan,1.0
372,Akademi Keperawatan Kesdam I/Bukit Barisan,
373,Akademi Keperawatan Kesdam I/Bukit Barisan Padang,10.0
374,Akademi Keperawatan Kesdam I/Bukit Barisan Pematang Siantar,1.0
375,Akademi Keperawatan Kesdam Ii Sriwijaya,2.0
376,Akademi Keperawatan Kesdam Iskandar Muda Banda Aceh,
377,Akademi Keperawatan Kesdam Iskandar Muda Lhokseumawe,
378,Akademi Keperawatan Kesdam Iv/Diponegoro,6.0
379,Akademi Keperawatan Kesdam Ix/Udayana,8.0
380,Akademi Keperawatan Kesdam Vi/Tanjungpura,11.0
381,Akademi Keperawatan Krida Husada,
382,Akademi Keperawatan Lapatau Bone,
383,Akademi Keperawatan Makasar,
384,Akademi Keperawatan Malahayati Medan,
385,Akademi Keperawatan Mandiri,
386,Akademi Keperawatan Manggala Husada,
387,Akademi Keperawatan Mappa Oudang Makassar,
388,Akademi Keperawatan Maranatha Groups,15.0
389,Akademi Keperawatan Muhammadiyah Bireuen,
390,Akademi Keperawatan Nabila,10.0
391,Akademi Keperawatan Nazhatut Thullab Sampang,
392,Akademi Keperawatan Ngesti Waluyo Parakan,6.0
393,Akademi Keperawatan Notokusumo,5.0
394,Akademi Keperawatan Panca Bhakti,
395,Akademi Keperawatan Pandan Harum Banjarmasin,
396,Akademi Keperawatan Pangkalpinang,
397,Akademi Keperawatan Panti Kosala,
398,Akademi Keperawatan Pasar Rebo Jakarta,
399,Akademi Keperawatan Patria Husada Surakarta,
400,Akademi Keperawatan Pelni,
401,Akademi Keperawatan Pembina,
402,Akademi Keperawatan Pemda Waikabubak,
403,Akademi Keperawatan Pemerintah Daerah Kabupaten Serang Provinsi Banten,
404,Akademi Keperawatan Pemerintah Kabupaten Asahan Kisaran,
405,Akademi Keperawatan Pemerintah Kabupaten Belitung,
406,Akademi Keperawatan Pemerintah Kabupaten Buton,
407,Akademi Keperawatan Pemerintah Kabupaten Dairi Sidikalang Provinsi Sumatera Utara,
408,Akademi Keperawatan Pemerintah Kabupaten Kotawaringin Timur Provinsi Kalimantan Tengah,
409,Akademi Keperawatan Pemerintah Kabupaten Lamongan,
410,Akademi Keperawatan Pemerintah Kabupaten Muna,
411,Akademi Keperawatan Pemerintah Kabupaten Musi Banyuasin,
412,Akademi Keperawatan Pemerintah Kabupaten Ngawi,
413,Akademi Keperawatan Pemerintah Kabupaten Pamekasan,
414,Akademi Keperawatan Pemerintah Kabupaten Purworejo,
415,Akademi Keperawatan Pemerintah Kabupaten Tapanuli Utara,
416,Akademi Keperawatan Pemerintah Kabupaten Wajo,
417,Akademi Keperawatan Pemerintah Provinsi Kalimantan Barat,
418,Akademi Keperawatan Pemkot Tegal,
419,Akademi Keperawatan Polri,
420,Akademi Keperawatan Pragolopati,
421,Akademi Keperawatan Prima Jambi,
422,Akademi Keperawatan Purna Bhakti Husada,10.0
423,Akademi Keperawatan Putra Pertiwi Watansoppeng,
424,Akademi Keperawatan Rantepao,
425,Akademi Keperawatan Royhan,
426,Akademi Keperawatan Rs Dgi Cikini,3.0
427,Akademi Keperawatan Rs Dustira,4.0
428,Akademi Keperawatan Rs Efarina,
429,Akademi Keperawatan Rs Husada,3.0
430,Akademi Keperawatan Rs Marthen Indey,
431,Akademi Keperawatan Rsp Tni-Au Jakarta,3.0
432,Akademi Keperawatan Rspad Gatot Subroto,
433,Akademi Keperawatan Rsu Hisarma Medan,
434,Akademi Keperawatan Rumah Sakit Jakarta,
435,Akademi Keperawatan Rumah Sakit Tk. Ii Pelamonia,9.0
436,Akademi Keperawatan Rumkit Tingkat Iii Manado,16.0
437,Akademi Keperawatan Rumkit Tk. Iii Dr. J.A. Latumeten Kesdam Xvi/Pattimura,
438,Akademi Keperawatan Saifuddin Zuhri,4.0
439,Akademi Keperawatan Samawa,8.0
440,Akademi Keperawatan Sandi Karsa,
441,Akademi Keperawatan Sawerigading Pemda Luwu,9.0
442,Akademi Keperawatan Sehat Binjai,
443,Akademi Keperawatan Setih Setio,
444,Akademi Keperawatan Sri Bunga Tanjung,
445,Akademi Keperawatan St. Elisabeth Lela,
446,Akademi Keperawatan Sumber Waras,
447,Akademi Keperawatan Surya Nusantara,
448,Akademi Keperawatan Syekh Yusuf Gowa,
449,Akademi Keperawatan Tenaga Pembangunan Arjuna,1.0
450,Akademi Keperawatan Teungku Fakinah Banda Aceh,13.0
451,Akademi Keperawatan Totabuan Kotamobagu,
452,Akademi Keperawatan Widya Husada,
453,Akademi Keperawatan Wirahusada Medan,
454,Akademi Keperawatan Yakpermas Banyumas,6.0
455,Akademi Keperawatan Yapi,
456,Akademi Keperawatan Yappi Sragen,
457,Akademi Keperawatan Yappkes,
458,Akademi Keperawatan Yaspen Jakarta,
459,Akademi Keperawatan Yatna Yuana Lebak,
460,Akademi Keperawatan Yayasan Jalan Kimia,
461,Akademi Keperawatan Yky Yogyakarta,
462,Akademi Keperawatan Ypdr,
463,Akademi Keperawatan Ypib Majalengka,4.0
464,Akademi Keperawatan Yppp Wonomulyo,
465,Akademi Keperawatan Ypsbr Muara Bulian,10.0
466,Akademi Keperawatan Yptk Solok,10.0
467,Akademi Kepolisian (Akpol),
468,Akademi Kesehatan Arga Husada,
469,Akademi Kesehatan Asih Husada,6.0
470,Akademi Kesehatan Bintang Persada,
471,Akademi Kesehatan Dinas Pendidikan Dan Kebudayaan Provinsi Riau,
472,Akademi Kesehatan Gigi Ditkesad Jakarta,3.0
473,Akademi Kesehatan Gigi Karya Adi Husada Mataram,8.0
474,Akademi Kesehatan Gigi Kendari,9.0
475,Akademi Kesehatan John Paul Ii Pekanbaru,
476,Akademi Kesehatan Karya Husada Yogyakarta,
477,Akademi Kesehatan Lingkungan Mandala Waluya,
478,Akademi Kesehatan Lingkungan Muhammadiyah Makassar,
479,Akademi Kesehatan Lingkungan Pemerintah Provinsi Sumatera Selatan,
480,Akademi Kesehatan Rustida,7.0
481,Akademi Kesehatan Swakarsa Jakarta,
482,Akademi Kesehatan Yayasan Rumah Sakit Jakarta,3.0
483,Akademi Kesehatan Yayasan Sapta Bakti Bengkulu,2.0
484,Akademi Kesejahteraan Sosial Akk,5.0
485,Akademi Kesejahteraan Sosial Ibu Kartini,6.0
486,Akademi Kesenian Melayu Riau,10.0
487,Akademi Ketatalaksanaan Pelayaran Niaga Bahtera,5.0
488,Akademi Keuangan Dan Perbankan Borobudur,3.0
489,Akademi Keuangan Dan Perbankan Denpasar,8.0
490,Akademi Keuangan Dan Perbankan Effata Kupang,15.0
491,Akademi Keuangan Dan Perbankan Grha Arta Katulistiwa,11.0
492,Akademi Keuangan Dan Perbankan Mulia Darma Pratama,2.0
493,Akademi Keuangan Dan Perbankan Padang,10.0
494,Akademi Keuangan Perbankan Nusantara,13.0
495,Akademi Keuangan Perbankan Tahuna,16.0
496,Akademi Komunikasi Indonesia Ypk,5.0
497,Akademi Komunikasi Media Radio Dan Televisi (Akamrtv) Jakarta,3.0
498,Akademi Komunikasi Radya Binatama,5.0
499,Akademi Komunikasi Sae Indonesia,3.0
500,Akademi Komunitas Dharma Bhakti Bangka,2.0
501,Akademi Komunitas Industri Manufaktur Bantaeng,
502,Akademi Komunitas Industri Pertambangan Bukit Asam,2.0
503,Akademi Komunitas Industri Tekstil Dan Produk Tekstil Surakarta,
504,Akademi Komunitas Manajemen Perhotelan Indonesia,8.0
505,Akademi Komunitas Negeri Aceh Barat,
506,Akademi Komunitas Negeri Pacitan,
507,Akademi Komunitas Negeri Putra Sang Fajar Blitar,
508,Akademi Komunitas Negeri Rejang Lebong,
509,Akademi Komunitas Olat Maras,8.0
510,Akademi Komunitas Perkebunan Yogyakarta,5.0
511,Akademi Komunitas Semen Indonesia,7.0
512,Akademi Komunitas Semen Indonesia Rembang,6.0
513,Akademi Komunitas Toyota Indonesia,4.0
514,Akademi Kuliner Dan Patiseri Ottimmo Internasional,7.0
515,Akademi Kuliner Monas Pasifik,7.0
516,Akademi Manajemen Administrasi (Ama) Yogyakarta,5.0
517,Akademi Manajemen Administrasi Dharmala,5.0
518,Akademi Manajemen Administrasi Yogyakarta,5.0
519,Akademi Manajemen Administrasi Ypk Yogyakarta,5.0
520,Akademi Manajemen Belitung,2.0
521,Akademi Manajemen Bumi Sebalo Bengkayang,11.0
522,Akademi Manajemen Informatika &Amp; Komputer Jaya Nusa,10.0
523,Akademi Manajemen Informatika &Amp; Komputer Universal,1.0
524,Akademi Manajemen Informatika Dan Komputer Al-Muslim,4.0
525,Akademi Manajemen Informatika Dan Komputer Bogor,4.0
526,Akademi Manajemen Informatika Dan Komputer BSI Jakarta,3.0
527,Akademi Manajemen Informatika Dan Komputer BSI Karawang,4.0
528,Akademi Manajemen Informatika Dan Komputer BSI Pontianak,11.0
529,Akademi Manajemen Informatika Dan Komputer Cipta Darma,6.0
530,Akademi Manajemen Informatika Dan Komputer Dumai,10.0
531,Akademi Manajemen Informatika Dan Komputer Garut,4.0
532,Akademi Manajemen Informatika Dan Komputer Hass,4.0
533,Akademi Manajemen Informatika Dan Komputer Imelda,1.0
534,Akademi Manajemen Informatika Dan Komputer Jakarta Teknologi Cipta,6.0
535,Akademi Manajemen Informatika Dan Komputer Kosgoro,10.0
536,Akademi Manajemen Informatika Dan Komputer Lamappapoleonro Soppeng,9.0
537,Akademi Manajemen Informatika Dan Komputer Lampung,2.0
538,Akademi Manajemen Informatika Dan Komputer Luwuk Banggai,16.0
539,Akademi Manajemen Informatika Dan Komputer Mdp,2.0
540,Akademi Manajemen Informatika Dan Komputer Medan Business Polytechnic,1.0
541,Akademi Manajemen Informatika Dan Komputer New Media,8.0
542,Akademi Manajemen Informatika Dan Komputer Pgri Kebumen,6.0
543,Akademi Manajemen Informatika Dan Komputer Raharja Informatika,4.0
544,Akademi Manajemen Informatika Dan Komputer Royal,1.0
545,Akademi Manajemen Informatika Dan Komputer Selat Panjang,10.0
546,Akademi Manajemen Informatika Dan Komputer Serang,4.0
547,Akademi Manajemen Informatika Dan Komputer Sigma,2.0
548,Akademi Manajemen Informatika Dan Komputer Stiekom Sumatera Utara,1.0
549,Akademi Manajemen Informatika Dan Komputer Taruna,7.0
550,Akademi Manajemen Informatika Dan Komputer Veteran Purwokerto,6.0
551,Akademi Manajemen Informatika Dan Komputer Yapenas Kendari,9.0
552,Akademi Manajemen Informatika Dan Komputer Ymi Tegal,6.0
553,Akademi Manajemen Informatika Dan Komputer Ypat,4.0
554,Akademi Manajemen Keuangan BSI Jakarta,3.0
555,Akademi Manajemen Komputer Dan Informatika Ketapang,11.0
556,Akademi Manajemen Koperasi Tantular,7.0
557,Akademi Manajemen Perusahaan Panca Bhakti,11.0
558,Akademi Manajemen Putra Jaya,5.0
559,Akademi Maritim Aceh Darussalam,13.0
560,Akademi Maritim Belawan,1.0
561,Akademi Maritim Bina Bahari,2.0
562,Akademi Maritim Cirebon,4.0
563,Akademi Maritim Djadajat,3.0
564,Akademi Maritim Indonesia Aipi,9.0
565,Akademi Maritim Indonesia Medan,1.0
566,Akademi Maritim Nasional Jaya,3.0
567,Akademi Maritim Nusantara Banjarmasin,11.0
568,Akademi Maritim Nusantara Cilacap,6.0
569,Akademi Maritim Pembangunan Jakarta,3.0
570,Akademi Maritim Sapta Samudra,10.0
571,Akademi Maritim Suaka Bahari,4.0
572,Akademi Maritim Yogyakarta,5.0
573,Akademi Metrologi Dan Instrumentasi,
574,Akademi Militer Magelang,
575,Akademi Minyak Dan Gas Balongan,4.0
576,Akademi Olahraga Prestasi Nasional,3.0
577,Akademi Pariwisata 45 Jayapura,14.0
578,Akademi Pariwisata BSI Bandung,4.0
579,Akademi Pariwisata Buana Wisata Yogyakarta,5.0
580,Akademi Pariwisata Bunda Mulia,3.0
581,Akademi Pariwisata Bunda Padang,10.0
582,Akademi Pariwisata Citra Buana Indonesia,4.0
583,Akademi Pariwisata Dan Perhotelan Darma Agung,1.0
584,Akademi Pariwisata Dan Perhotelan Ganesha,7.0
585,Akademi Pariwisata Denpasar,8.0
586,Akademi Pariwisata Dharma Nusantara Sakti,5.0
587,Akademi Pariwisata Gsp Internasional,3.0
588,Akademi Pariwisata Indonesia Jakarta,3.0
589,Akademi Pariwisata Indraprasta,5.0
590,Akademi Pariwisata Jakarta,3.0
591,Akademi Pariwisata Jakarta International Hotel,3.0
592,Akademi Pariwisata Kupang,15.0
593,Akademi Pariwisata Majapahit,7.0
594,Akademi Pariwisata Mandala Bhakti,6.0
595,Akademi Pariwisata Medan Hotel School,1.0
596,Akademi Pariwisata Nasional Banjarmasin,11.0
597,Akademi Pariwisata Nasional Indonesia Bandung,4.0
598,Akademi Pariwisata Nasional Jakarta,3.0
599,Akademi Pariwisata NHI Bandung,4.0
600,Akademi Pariwisata Nusantara Jaya,3.0
601,Akademi Pariwisata Nusantara Medan,1.0
602,Akademi Pariwisata Paramitha Bukittinggi,10.0
603,Akademi Pariwisata Paramitha Jakarta,3.0
604,Akademi Pariwisata Patria Indonesia,3.0
605,Akademi Pariwisata Pertiwi,3.0
606,Akademi Pariwisata Saint Mary,3.0
607,Akademi Pariwisata Satu Nusa,2.0
608,Akademi Pariwisata Stipary,5.0
609,Akademi Pariwisata Tridaya,3.0
610,Akademi Pariwisata Widya Nusantara Surakarta,6.0
611,Akademi Pariwisata Yogyakarta,5.0
612,Akademi Pekerjaan Sosial Kupang,15.0
613,Akademi Pelayaran Nasional Surakarta,6.0
614,Akademi Pelayaran Niaga Indonesia Semarang,6.0
615,Akademi Pendidikan Kesehatan Talitakum,
616,Akademi Penerbang Indonesia Banyuwangi,
617,Akademi Perawat Kesehatan Provinsi Ntb,
618,Akademi Perawatan Karya Bakti Husada Yogyakarta,
619,Akademi Perekam Dan Info Kes Sihat Beurata,
620,Akademi Perekam Dan Informasi Kesehatan Iris,
621,Akademi Perekam Dan Informatika Kesehatan Widya Dharma,
622,Akademi Perekam Medis Dan Infokes Bhumi Husada,
623,Akademi Perekam Medis Dan Informatika Kesehatan Bandung,
624,Akademi Perikanan Bhima Sakti,2.0
625,Akademi Perikanan Kamasan Biak,14.0
626,Akademi Perikanan Yogyakarta,5.0
627,Akademi Perkeretaapian Indonesia Madiun,
628,Akademi Perpajakan Panca Bhakti,11.0
629,Akademi Perpajakan Tridarma,2.0
630,Akademi Pertanian Yogyakarta,5.0
631,Akademi Peternakan Brahma Putra,5.0
632,Akademi Peternakan Karanganyar,6.0
633,Akademi Pimpinan Perusahaan,
634,Akademi Refraksi Optisi Binalita Sudama,1.0
635,Akademi Refraksi Optisi Dan Optometry Gapopin,
636,Akademi Refraksi Optisi Kartika Indera Persada,
637,Akademi Refraksi Optisi Leprindo Jakarta,
638,Akademi Refraksi Optisi Surabaya,
639,Akademi Refraksi Optisi Ylptk,
640,Akademi Sekretari Budi Luhur,3.0
641,Akademi Sekretari Dan Manajemen Ariyanti,4.0
642,Akademi Sekretari Dan Manajemen Bina Insani,4.0
643,Akademi Sekretari Dan Manajemen Desanta,5.0
644,Akademi Sekretari Dan Manajemen Dharma Budhi Bhakti,3.0
645,Akademi Sekretari Dan Manajemen Don Bosco,3.0
646,Akademi Sekretari Dan Manajemen Indonesia Jayapura,14.0
647,Akademi Sekretari Dan Manajemen Indonesia Surabaya,7.0
648,Akademi Sekretari Dan Manajemen Kencana Bandung,4.0
649,Akademi Sekretari Dan Manajemen Lepisi,4.0
650,Akademi Sekretari Dan Manajemen Mataram,8.0
651,Akademi Sekretari Dan Manajemen Persada Bunda,10.0
652,Akademi Sekretari Dan Manajemen Sriwijaya,2.0
653,Akademi Sekretari Dan Manajemen Widya Dharma,11.0
654,Akademi Sekretari Interstudi,3.0
655,Akademi Sekretari Manajemen Amsir Pare-Pare,9.0
656,Akademi Sekretari Manajemen Cendana,1.0
657,Akademi Sekretari Manajemen Indonesia Pontianak,11.0
658,Akademi Sekretari Manajemen Indonesia Publik,9.0
659,Akademi Sekretari Manajemen Taruna Bakti,4.0
660,Akademi Sekretari Marsudirini Santa Maria,6.0
661,Akademi Sekretari Santa Theresia,3.0
662,Akademi Sekretari Widya Mandala Surabaya,7.0
663,Akademi Sekretaris Manajemen Indonesia Citra Nusantara,11.0
664,Akademi Seni Dan Desain Indonesia Surakarta,6.0
665,Akademi Seni Rupa Dan Desain Iswi Jakarta,3.0
666,Akademi Seni Rupa Dan Desain Msd,5.0
667,Akademi Statistika Muhammadiyah Semarang,6.0
668,Akademi Tata Boga Bandung,4.0
669,Akademi Teknik Adikarya,10.0
670,Akademi Teknik Biak,14.0
671,Akademi Teknik Dan Keselamatan Penerbangan Makassar,
672,Akademi Teknik Dan Keselamatan Penerbangan Medan,
673,Akademi Teknik Dan Keselamatan Penerbangan Surabaya,
674,Akademi Teknik Deli Serdang,1.0
675,Akademi Teknik Deli Serdang Lubuk Pakam,1.0
676,Akademi Teknik Elektro Medik Semarang,
677,Akademi Teknik Elektromedik Andakara,
678,Akademi Teknik Elektromedik Kupula Aceh,13.0
679,Akademi Teknik Elektromedik Muhammadiyah Makassar,
680,Akademi Teknik Gigi Hang Tuah Jakarta,
681,Akademi Teknik Indonesia Cut Meutia,1.0
682,Akademi Teknik Informatika Tunas Bangsa,3.0
683,Akademi Teknik Kupang,15.0
684,Akademi Teknik Mesin Industri,4.0
685,Akademi Teknik Pembangunan Nasional,11.0
686,Akademi Teknik Perkapalan Veteran,6.0
687,Akademi Teknik Pika,6.0
688,Akademi Teknik Radiodiagnostik Dan Radioterapi (ATRO) Banda Aceh,13.0
689,Akademi Teknik Radiodiagnostik Dan Radioterapi (ATRO) Citra Bangsa Yogyakarta,
690,Akademi Teknik Radiodiagnostik Dan Radioterapi Bali,
691,Akademi Teknik Radiodiagnostik Dan Radioterapi Citra Intan Persada,
692,Akademi Teknik Radiodiagnostik Dan Radioterapi Nusantara,3.0
693,Akademi Teknik Radiodiagnostik Dan Radioterapi Patriot Bangsa,
694,Akademi Teknik Radiodiagnostik Dan Radioterapi Widya Dharma,
695,Akademi Teknik Radiodiagnostik Dan Radioterapi Yayasan Amal Bhakti Medan,
696,Akademi Teknik Soroako,9.0
697,Akademi Teknik Telekomunikasi Sandhy Putra Jakarta,3.0
698,Akademi Teknik Tirta Wiyata,6.0
699,Akademi Teknik Wacana Manunggal Semarang,6.0
700,Akademi Teknik Ykpn,5.0
701,Akademi Teknologi Adi Unggul Bhirawa (Aub) Surakarta,6.0
702,Akademi Teknologi Aeronautika Siliwangi,4.0
703,Akademi Teknologi Aub,6.0
704,Akademi Teknologi Bank Darah Surakarta,
705,Akademi Teknologi Bogor,4.0
706,Akademi Teknologi Industri Dewantara Palopo,9.0
707,Akademi Teknologi Industri Immanuel Medan,1.0
708,Akademi Teknologi Warga Surakarta,6.0
709,Akademi Telekomunikasi Bogor,4.0
710,Akademi Televisi Indonesia,3.0
711,Akademi Terapi Wicara,
712,Akademik Kebidanan Armina Centre Panyabungan,1.0
713,Akademik Teknik Biak,14.0
714,AKTEK Radiodiagnostik &Amp; Radioterapi Muhammadiyah,
715,AMIK Akmi,2.0
716,AMIK Bina Sriwijaya,2.0
717,AMIK Bukittinggi,10.0
718,AMIK Bumi Nusantara,4.0
719,AMIK Cipta Darma,6.0
720,AMIK Citra Buana Indonesia,4.0
721,AMIK Datuk Parpatiah Nan Sabatang,10.0
722,AMIK Depati Parbo Kerinci,10.0
723,AMIK Dian Cipta Cendikia,2.0
724,AMIK Dian Cipta Cendikia Pringsewu,2.0
725,AMIK Indonesia,13.0
726,AMIK Jakarta Teknologi Cipta,6.0
727,AMIK Lembah Dempo,2.0
728,AMIK Mapan Tangerang,4.0
729,AMIK Master Lampung,2.0
730,AMIK Medan Business Polytechnic,1.0
731,AMIK Mitra Gama,10.0
732,AMIK Pakarti Luhur,4.0
733,AMIK Panca Bhakti,11.0
734,AMIK Parbina Nusantara,1.0
735,AMIK Purnama Niaga,4.0
736,AMIK Raharja Informatika,4.0
737,AMIK Sigma,2.0
738,AMIK Stiekom Sumatera Utara,1.0
739,AMIK Tomakaka,9.0
740,AMIK Tri Dharma Palu,16.0
741,AMIK Tri Dharma Pekanbaru,10.0
742,AMIK Tunas Bangsa,1.0
743,AMIK Wahana Mandiri Tangerang,4.0
744,AMIK Widya Loka Medan,1.0
745,Asm Marsudirini Santa Maria,5.0
746,ASMI Airlangga Balikpapan,11.0
747,Iai Agus Salim Metro Lampung,
748,IAIN Ambon,
749,IAIN Bengkulu,
750,IAIN Bukittinggi,
751,IAIN Jember,
752,IAIN Kendari,
753,IAIN Langsa,
754,IAIN Manado,
755,IAIN Palangkaraya,
756,IAIN Palopo,
757,IAIN Pontianak,
758,IAIN Purwokerto,
759,IAIN Salatiga,
760,IAIN Samarinda,
761,IAIN Sultan Amai Gorontalo,
762,IAIN Surakarta,
763,IAIN Syekh Nurjati Cirebon,
764,IAIN Ternate,
765,IAIN Tulungagung,
766,Iisip Yapis Biak,14.0
767,IKIP Budi Utomo,7.0
768,IKIP Gunung Sitoli,1.0
769,IKIP Mataram,8.0
770,IKIP Muhammadiyah Maumere,15.0
771,IKIP Pgri Bali,8.0
772,IKIP Pgri Bojonegoro,7.0
773,IKIP Pgri Jember,7.0
774,IKIP Pgri Kaltim,11.0
775,IKIP Pgri Pontianak,11.0
776,IKIP Pgri Wates,5.0
777,IKIP Saraswati,8.0
778,IKIP Veteran Jawa Tengah,6.0
779,IKIP Widya Darma,7.0
780,Insitut Agama Islam Yasni Bungo,
781,Institut Teknologi Telkom Surabaya,7.0
782,Institut Agama Hindu Negeri Tampung Penyang,
783,Institut Agama Hindu Negeri Tampung Penyang Palangka Raya,
784,Institut Agama Islam Muhammadiyah Sinjai,
785,Institut Agama Islam (Iai) Al-Azhaar Lubuklinggau,
786,Institut Agama Islam (Iai) Al-Aziziyah Samalanga Biereun Aceh,
787,Institut Agama Islam (Iai) Al-Khoziny,
788,Institut Agama Islam (Iai) Al-Qolam,
789,Institut Agama Islam (Iai) Bani Fattah Jombang,
790,Institut Agama Islam (Iai) Nurul Hakim Kediri Lombok Barat Ntb,
791,Institut Agama Islam (Iai) Pangeran Diponegoro Nganjuk,
792,Institut Agama Islam (Iai) Syarifuddin Wonorejo Lumajang,
793,Institut Agama Islam Abdullah Said Batam,
794,Institut Agama Islam Al Mawaddah Warrahmah Kolaka Sulawesi Tenggara,
795,Institut Agama Islam Al Zaytun Indonesia,
796,Institut Agama Islam Al-Amanah Jeneponto,
797,Institut Agama Islam Al-Aziziyah Samalanga Biereuen Aceh,
798,Institut Agama Islam Al-Falah As-Sunniyah Kencong Jember Jawa Timur,
799,Institut Agama Islam Al-Hikmah Tuban,
800,Institut Agama Islam Al-Khairat Pamekasan Jawa Timur,
801,Institut Agama Islam Al-Khoziny,
802,Institut Agama Islam Almuslim Aceh,
803,Institut Agama Islam Al-Qodiri Jember,
804,Institut Agama Islam Al-Qolam,
805,Institut Agama Islam Al-Qur'An Al-Ittifaqiah Indralaya,
806,Institut Agama Islam An Nur Lampung,
807,Institut Agama Islam As Siddiq Kie Raha Maluku Utara,
808,Institut Agama Islam As'Adiyah Sengkang,
809,Institut Agama Islam Az-Zaytun Indonesia,
810,Institut Agama Islam Bakti Negara Tegal,
811,Institut Agama Islam Bani Fattah Jombang,
812,Institut Agama Islam Banten,
813,Institut Agama Islam Bunga Bangsa Cirebon,
814,Institut Agama Islam Cipasung,
815,Institut Agama Islam Cipasung (Iaic) Tasikmalaya,
816,Institut Agama Islam Cirebon,
817,Institut Agama Islam Daar Al-Ulum (Iaidu) Asahan,
818,Institut Agama Islam Dar Aswaja Rokan Hilir,
819,Institut Agama Islam Darul Da'Wah Wal Irsyad Polewali Mandar,
820,Institut Agama Islam Darullughah Wadda'Wah Bangil,
821,Institut Agama Islam Darussalam (Iaid) Ciamis Jawa Barat,
822,Institut Agama Islam Darussalam Blokagung Banyuwangi,
823,Institut Agama Islam Darussalam Martapura Kalimantan Selatan,
824,Institut Agama Islam Faqih Asy'Ari Kediri,
825,Institut Agama Islam Hamzanwadi Nw Lombok Timur,
826,Institut Agama Islam Hamzanwadi Nw Pancor Lombok Timur,
827,Institut Agama Islam Hamzanwadi Pancor,
828,Institut Agama Islam Ibrahimy (Iaii) Sukorejo Situbondo,
829,Institut Agama Islam Ibrahimy Genteng,
830,Institut Agama Islam Ibrahimy Genteng Banyuwangi,
831,Institut Agama Islam Ibrahimy Sukorejo Situbondo,
832,Institut Agama Islam Imam Ghozali (Iaiig) Cilacap,
833,Institut Agama Islam Imam Ghozali Cilacap,
834,Institut Agama Islam Jami`At Kheir Jakarta,
835,Institut Agama Islam Latifah Mubarokiyah (Iailm) Suryalaya Tasikmalaya,
836,Institut Agama Islam Latifah Mubarokiyah Suryalaya Tasikmalaya,
837,Institut Agama Islam Ma'Arif Metro Lampung,
838,Institut Agama Islam Ma'Arif Nu (Iaimnu) Metro Lampung,
839,Institut Agama Islam Ma'Arif Nu Metro,
840,Institut Agama Islam Ma'Arif Nu Metro Lampung,
841,Institut Agama Islam Muhammad Azim Jambi,
842,Institut Agama Islam Muhammadiyah Bima,
843,Institut Agama Islam Nahdlatul Ulama (Iai Nu) Kebumen,
844,Institut Agama Islam Nahdlatul Ulama Kebumen,
845,Institut Agama Islam Nahdlatul Ulama Tuban,
846,Institut Agama Islam Nasional Laa Roiba Bogor Jawa Barat,
847,Institut Agama Islam Negeri Ambon,
848,Institut Agama Islam Negeri Batusangkar,
849,Institut Agama Islam Negeri Bengkulu,
850,Institut Agama Islam Negeri Bone,
851,Institut Agama Islam Negeri Curup,
852,Institut Agama Islam Negeri Fattahul Muluk Papua,
853,Institut Agama Islam Negeri Jember,
854,Institut Agama Islam Negeri Kediri,
855,Institut Agama Islam Negeri Kendari,
856,Institut Agama Islam Negeri Kerinci,
857,Institut Agama Islam Negeri Kudus,
858,Institut Agama Islam Negeri Lhokseumawe,
859,Institut Agama Islam Negeri Madura,
860,Institut Agama Islam Negeri Metro,
861,Institut Agama Islam Negeri Padangsidimpuan,
862,Institut Agama Islam Negeri Palangkaraya,
863,Institut Agama Islam Negeri Palopo,
864,Institut Agama Islam Negeri Palu,
865,Institut Agama Islam Negeri Parepare,
866,Institut Agama Islam Negeri Pekalongan,
867,Institut Agama Islam Negeri Ponorogo,
868,Institut Agama Islam Negeri Pontianak,
869,Institut Agama Islam Negeri Purwokerto,
870,Institut Agama Islam Negeri Salatiga,
871,Institut Agama Islam Negeri Samarinda,
872,Institut Agama Islam Negeri Sorong,
873,Institut Agama Islam Negeri Sultan Amai Gorontalo,
874,Institut Agama Islam Negeri Sultan Maulana Hasanuddin Banten,
875,Institut Agama Islam Negeri Surakarta,
876,Institut Agama Islam Negeri Syaikh Abdurrahman Siddik Bangka Belitung,
877,Institut Agama Islam Negeri Syekh Nurjati Cirebon,
878,Institut Agama Islam Negeri Takengon,
879,Institut Agama Islam Negeri Ternate,
880,Institut Agama Islam Negeri Tulungagung,
881,Institut Agama Islam Ngawi Jawa Timur,
882,Institut Agama Islam Nurul Jadid Paiton Probolinggo (Iainj),
883,Institut Agama Islam Nusantara Batang Hari,
884,Institut Agama Islam Pangeran Diponegoro Nganjuk,
885,Institut Agama Islam Qomaruddin,
886,Institut Agama Islam Qomaruddin Gresik,
887,Institut Agama Islam Qomarul Huda,
888,Institut Agama Islam Qomarul Huda Bagu Lombok Tengah Ntb,
889,Institut Agama Islam Riyadlatul Mujahidin Ngabar (Iairm) Ponorogo,
890,Institut Agama Islam Sahid,
891,Institut Agama Islam Sahid Bogor,
892,Institut Agama Islam Shalahuddin Al-Ayyubi (Inisa) Tambun Bekasi,
893,Institut Agama Islam Sukabumi,
894,Institut Agama Islam Sultan Muhammad Syafiuddin Sambas,
895,Institut Agama Islam Sumbar,
896,Institut Agama Islam Sunan Giri (Insuri) Ponorogo,
897,Institut Agama Islam Sunan Giri Bojonegoro,
898,Institut Agama Islam Sunan Giri Ponorogo,
899,Institut Agama Islam Sunan Kalijogo Malang Jawa Timur,
900,Institut Agama Islam Syarifuddin Wonorejo Lumajang,
901,Institut Agama Islam Tafaqquh Fiddin Dumai,
902,Institut Agama Islam Tarbiyatut Tholabah Lamongan Jawa Timur,
903,Institut Agama Islam Tazkia,
904,Institut Agama Islam Tebo,
905,Institut Agama Islam Tribakti (Iait) Kediri,
906,Institut Agama Islam Tribakti Kediri,
907,Institut Agama Islam Uluwiyah Mojokerto,
908,Institut Agama Islam Yasni Bungo,
909,Institut Agama Kristen Negeri Ambon,
910,Institut Agama Kristen Negeri Manado,
911,Institut Agama Kristen Negeri Tarutung,
912,Institut Bio Scientia Internasional Indonesia,3.0
913,Institut Bisnis Dan Informatika (Ibi) Kosgoro 1957,3.0
914,Institut Bisnis Dan Informatika Kesatuan,4.0
915,Institut Bisnis Dan Informatika Kwik Kian Gie,3.0
916,Institut Bisnis Dan Informatika STIKOM Surabaya,7.0
917,Institut Bisnis Dan Keuangan (Ibk) Nitro,9.0
918,Institut Bisnis Dan Keuangan Nitro,9.0
919,Institut Bisnis Dan Multimedia ASMI Jakarta,3.0
920,Institut Bisnis Dan Teknologi Pelita Indonesia,10.0
921,Institut Bisnis Informasi Teknologi Dan Bisnis,1.0
922,Institut Bisnis Muhammadiyah Bekasi,4.0
923,Institut Bisnis Nusantara,3.0
924,Institut Desain Dan Bisnis Bali,8.0
925,Institut Dirosat Islamiyah Al-Amien Prenduan Sumenep,
926,Institut Hindu Dharma Negeri Denpasar,
927,Institut Ilmu Al Qur'An An Nur Yogyakarta,
928,Institut Ilmu Al Qur'An An-Nur Yogyakarta,
929,Institut Ilmu Al-Qur`An (Iiq) Jakarta,
930,Institut Ilmu Al-Qur`An Jakarta,
931,Institut Ilmu Al-Qur`An Jannatu Adnin Kendari,
932,Institut Ilmu Keislaman Annuqayah,
933,Institut Ilmu Keislaman Annuqayah (Instika) Guluk-Guluk Sumenep,
934,Institut Ilmu Keislaman Zainul Hasan Genggong,
935,Institut Ilmu Kesehatan Bhakti Wiyata Kediri,7.0
936,Institut Ilmu Kesehatan Dan Teknologi Muhammadiyah Palembang,
937,Institut Ilmu Kesehatan Medika Persada Bali,8.0
938,Institut Ilmu Kesehatan Pelamonia Kesdam Xiv/Hasanuddin,
939,Institut Ilmu Kesehatan Strada Indonesia,7.0
940,Institut Ilmu Sosial Dan Bisnis Andi Sapada,9.0
941,Institut Ilmu Sosial Dan Budaya Samawa Rea,8.0
942,Institut Ilmu Sosial Dan Ilmu Budaya Budaya Samawa Rea,8.0
943,Institut Ilmu Sosial Dan Ilmu Politik Jakarta,3.0
944,Institut Ilmu Sosial Dan Ilmu Politik Yapis Biak,14.0
945,Institut Ilmu Sosial Dan Manajemen Stiami,3.0
946,Institut Informatika Dan Bisnis Darmajaya,2.0
947,Institut Informatika Indonesia Surabaya,7.0
948,Institut Injil Indonesia,
949,Institut Islam Mambaul Ulum Surakarta,
950,Institut Islam Nahdlatul Ulama Temanggung,
951,Institut Kariman Wirayudha Sumenep Madura,
952,Institut Keguruan Dan Ilmu Pendidikan Gunung Sitoli,1.0
953,Institut Keguruan Dan Ilmu Pendidikan Mataram,8.0
954,Institut Keguruan Dan Ilmu Pendidikan Pgri Bali,8.0
955,Institut Keguruan Dan Ilmu Pendidikan Pgri Bojonegoro,7.0
956,Institut Keguruan Dan Ilmu Pendidikan Pgri Kalimantan Timur,11.0
957,Institut Keguruan Dan Ilmu Pendidikan Pgri Pontianak,11.0
958,Institut Keguruan Dan Ilmu Pendidikan Pgri Wates,5.0
959,Institut Keguruan Dan Ilmu Pendidikan Saraswati,8.0
960,Institut Keguruan Dan Ilmu Pendidikan Siliwangi,4.0
961,Institut Keguruan Dan Ilmu Pendidikan Veteran Jawa Tengah,6.0
962,Institut Keguruan Dan Teknologi Larantuka,15.0
963,Institut Keislaman Abdullah Faqih (Inkafa) Manyar Gresik,
964,Institut Keislaman Abdullah Faqih Manyar Gresik,
965,Institut Kesehatan Dan Bisnis Kurnia Jaya Persada,
966,Institut Kesehatan Dan Bisnis St. Fatimah Mamuju,
967,Institut Kesehatan Dan Bisnis Surabaya,7.0
968,Institut Kesehatan Deli Husada Deli Tua,
969,Institut Kesehatan Deli Husada Delitua,
970,Institut Kesehatan Helvetia,1.0
971,Institut Kesehatan Indonesia,3.0
972,Institut Kesehatan Medistra Lubuk Pakam,
973,Institut Kesehatan Mitra Bunda Persada,10.0
974,Institut Kesehatan Prima Nusantara Bukittinggi,10.0
975,Institut Kesehatan Rajawali,
976,Institut Kesehatan Sumatera Utara,1.0
977,Institut Kesenian Jakarta - Lpkj,3.0
978,Institut Keu Perbankan Dan Inf Asia Perbanas,3.0
979,Institut Keuangan Perbankan Dan Informatika Asia Perbanas,3.0
980,Institut Keuangan-Perbankan Dan Informatika Asia Perbanas,3.0
981,Institut Komunikasi Dan Bisnis LSPR,3.0
982,Institut Kristen Borneo,
983,Institut Manajemen Koperasi Indonesia,4.0
984,Institut Manajemen Wiyata Indonesia,4.0
985,Institut Maritim Prasetiya Mandiri,2.0
986,Institut Medika Drg. Suherman,
987,Institut Parahikma Indonesia,
988,Institut Pariwisata Dan Bisnis Internasional,8.0
989,Institut Pembina Rohani Islam (Iprija) Jakarta,
990,Institut Pembina Rohani Islam Jakarta,
991,Institut Pemerintahan Dalam Negeri,
992,Institut Pemerintahan Dalam Negeri Jatinangor,
993,Institut Pendidikan Indonesia Garut,4.0
994,Institut Pendidikan Nusantara Global,8.0
995,Institut Pendidikan Tapanuli Selatan,1.0
996,Institut Pertanian Bogor,
997,Institut Pertanian Intan,5.0
998,Institut Pertanian Intan Yogyakarta,5.0
999,Institut Pertanian Malang,7.0
1000,Institut Pertanian Stiper,5.0
1001,Institut Pesantren Kh. Abdul Chalim Pacet Mojokerto,
1002,Institut Pesantren Mathaliul Falah Pati Jawa Tengah,
1003,Institut Pesantren Sunan Drajat Lamongan,
1004,Institut Ptiq Jakarta,
1005,Institut Sains Dan Teknologi Nasional,3.0
1006,Institut Sains Al-Qur'An Syekh Ibrahim Pasir Pangaraian Rokan Hulu,
1007,Institut Sains Dan Bisnis Atma Luhur,2.0
1008,Institut Sains Dan Kesehatan Bone,
1009,Institut Sains Dan Teknologi Akprind,5.0
1010,Institut Sains Dan Teknologi Al-Kamal,3.0
1011,Institut Sains Dan Teknologi Annuqayah,7.0
1012,Institut Sains Dan Teknologi Indonesia Manokwari,14.0
1013,Institut Sains Dan Teknologi Nasional Jakarta,3.0
1014,Institut Sains Dan Teknologi Pradita,3.0
1015,Institut Sains Dan Teknologi Td Pardede,1.0
1016,Institut Sains Dan Teknologi Terpadu Surabaya,7.0
1017,Institut Seni Budaya Indonesia Aceh,
1018,Institut Seni Budaya Indonesia Bandung,
1019,Institut Seni Budaya Indonesia Tanah Papua,
1020,Institut Seni Indonesia Denpasar,
1021,Institut Seni Indonesia Padang Panjang,
1022,Institut Seni Indonesia Surakarta,
1023,Institut Seni Indonesia Yogyakarta,
1024,Institut Studi Islam Fahmina (Isif),
1025,Institut Teknologi,
1026,Institut Teknologi Adhi Tama Surabaya,7.0
1027,Institut Teknologi Bandung,
1028,Institut Teknologi Batam,10.0
1029,Institut Teknologi Bisnis Aas Indonesia,6.0
1030,Institut Teknologi Budi Utomo,3.0
1031,Institut Teknologi Calvin,3.0
1032,Institut Teknologi Dan Bisnis Ahmad Dahlan,3.0
1033,Institut Teknologi Dan Bisnis Ahmad Dahlan Lamongan,7.0
1034,Institut Teknologi Dan Bisnis Asia Malang,7.0
1035,Institut Teknologi Dan Bisnis Bank Rakyat Indonesia,3.0
1036,Institut Teknologi Dan Bisnis Bina Sarana Global,4.0
1037,Institut Teknologi Dan Bisnis Indonesia,1.0
1038,Institut Teknologi Dan Bisnis Kalbis,3.0
1039,Institut Teknologi Dan Bisnis Lembah Dempo,2.0
1040,Institut Teknologi Dan Bisnis Nobel Indonesia,9.0
1041,Institut Teknologi Dan Bisnis Semarang,6.0
1042,Institut Teknologi Dan Bisnis STIKOM Ambon,12.0
1043,Institut Teknologi Dan Bisnis STIKOM Bali,8.0
1044,Institut Teknologi Dan Bisnis Swadharma,3.0
1045,Institut Teknologi Dan Kesehatan Avicenna,
1046,Institut Teknologi Dan Kesehatan Bali,8.0
1047,Institut Teknologi Dan Kesehatan Jakarta,3.0
1048,Institut Teknologi Dan Kesehatan Sumatera Utara,
1049,Institut Teknologi Dan Pendidikan Markandeya Bali,8.0
1050,Institut Teknologi Dan Sains Nahdlatul Ulama Pasuruan,7.0
1051,Institut Teknologi Dan Sains Nahdlatul Ulama Pekalongan,6.0
1052,Institut Teknologi Del,1.0
1053,Institut Teknologi Dirgantara Adisutjipto,5.0
1054,Institut Teknologi Garut,4.0
1055,Institut Teknologi Harapan Bangsa,4.0
1056,Institut Teknologi Indonesia,3.0
1057,Institut Teknologi Kalimantan,
1058,Institut Teknologi Kesehatan Dan Sains Muhammadiyah Sidrap,9.0
1059,Institut Teknologi Kesehatan Dan Sains Wiyata Husada Samarinda,11.0
1060,Institut Teknologi Kreatif Bina Nusantara Malang,7.0
1061,Institut Teknologi Minaesa,16.0
1062,Institut Teknologi Nasional Bandung,4.0
1063,Institut Teknologi Nasional Malang,7.0
1064,Institut Teknologi Nasional Yogyakarta,5.0
1065,Institut Teknologi Padang,10.0
1066,Institut Teknologi Perusahaan Listrik Negara,3.0
1067,Institut Teknologi Sains Bandung,4.0
1068,Institut Teknologi Sains Dan Kesehatan Pku Muhammadiyah Surakarta,6.0
1069,Institut Teknologi Sepuluh Nopember,
1070,Institut Teknologi Sumatera,
1071,Institut Teknologi Telkom Jakarta,3.0
1072,Institut Teknologi Telkom Purwokerto,6.0
1073,Institut Teknologi Yogyakarta,5.0
1074,Institut Transportasi Dan Logistik Trisakti,3.0
1075,Institut Ummul Quro Al-Islami Bogor Jawa Barat,
1076,Politekknik Kesehatan Kementerian Kesehatan Riau,
1077,Politeknik 17 Agustus 1945 Surabaya,7.0
1078,Politeknik Aceh,13.0
1079,Politeknik Aceh Selatan,13.0
1080,Politeknik Adiguna Maritim Indonesia Medan,1.0
1081,Politeknik Ahli Usaha Perikanan,
1082,Politeknik Aisyiyah Pontianak,11.0
1083,Politeknik Aisyiyah Sumatera Barat,
1084,Politeknik Aka Bogor,
1085,Politeknik Akamigas Palembang,2.0
1086,Politeknik Akbara,
1087,Politeknik Al-Islam Bandung,
1088,Politeknik Amamapare,14.0
1089,Politeknik Angkatan Darat,
1090,Politeknik Angkatan Laut,
1091,Politeknik Anika,2.0
1092,Politeknik Anika Palembang,2.0
1093,Politeknik Api Yogyakarta,5.0
1094,Politeknik App Jakarta,
1095,Politeknik Astra,3.0
1096,Politeknik Ati Makassar,
1097,Politeknik Ati Padang,
1098,Politeknik Atk Yogyakarta,
1099,Politeknik Atmi,6.0
1100,Politeknik Atmi Surakarta,6.0
1101,Politeknik Baja Tegal,6.0
1102,Politeknik Balekambang Jepara,6.0
1103,Politeknik Banjarnegara,6.0
1104,Politeknik Batulicin,11.0
1105,Politeknik Baubau,9.0
1106,Politeknik Bhakti Asih Purwakarta,4.0
1107,Politeknik Bina Budaya Cipta,4.0
1108,Politeknik Bina Husada Kendari,9.0
1109,Politeknik Bina Trada Semarang,6.0
1110,Politeknik Bintan Cakrawala,10.0
1111,Politeknik Bisnis Dan Pasar Modal,3.0
1112,Politeknik Bisnis Indonesia,1.0
1113,Politeknik Bisnis Kaltara,11.0
1114,Politeknik Bosowa,9.0
1115,Politeknik Bumi Akpelni,6.0
1116,Politeknik Cahaya Surya,7.0
1117,Politeknik Caltex,10.0
1118,Politeknik Cendana,1.0
1119,Politeknik Darma Ganesha,2.0
1120,Politeknik Darusalam,2.0
1121,Politeknik Darussalam,2.0
1122,Politeknik Dharma Patria,6.0
1123,Politeknik Elbajo Commodus,15.0
1124,Politeknik Elektronik Negeri Surabaya,
1125,Politeknik Elektronika Negeri Surabaya,
1126,Politeknik Energi Dan Mineral Akamigas,
1127,Politeknik Energi Dan Pertambangan Bandung,
1128,Politeknik Enjinering Indorama,4.0
1129,Politeknik Enjiniring Pertanian Indonesia,
1130,Politeknik Gajah Sakti,2.0
1131,Politeknik Gajah Tunggal,4.0
1132,Politeknik Ganesa Guru,8.0
1133,Politeknik Ganesha,1.0
1134,Politeknik Gihon,1.0
1135,Politeknik Gorontalo,16.0
1136,Politeknik Gunakarya Indonesia Bekasi,4.0
1137,Politeknik Halmahera,12.0
1138,Politeknik Hang Tuah Jakarta,3.0
1139,Politeknik Harapan Bangsa Surakarta,6.0
1140,Politeknik Harapan Bersama,6.0
1141,Politeknik Hasnur,11.0
1142,Politeknik Ilmu Pelayaran Balikpapan,11.0
1143,Politeknik Ilmu Pelayaran Makassar,
1144,Politeknik Ilmu Pelayaran Semarang,
1145,Politeknik Ilmu Pemasyarakatan,
1146,Politeknik Imigrasi,
1147,Politeknik Indonesia Venezuela,13.0
1148,Politeknik Indonusa Surakarta,6.0
1149,Politeknik Indotec Kendari,9.0
1150,Politeknik Industri Atmi,4.0
1151,Politeknik Industri Furnitur Dan Pengolahan Kayu,
1152,Politeknik Industri Logam Morowali,
1153,Politeknik Informatika Nasional,9.0
1154,Politeknik Internasional Bali,8.0
1155,Politeknik Islam Syekh Salman Al-Farisi Rantau,11.0
1156,Politeknik It&Amp;B Medan,1.0
1157,Politeknik Jakarta Internasional,3.0
1158,Politeknik Jambi,10.0
1159,Politeknik Kaltara,11.0
1160,Politeknik Kampar,10.0
1161,Politeknik Karya Husada,3.0
1162,Politeknik Katolik Mangunwijaya,6.0
1163,Politeknik Katolik Saint Paul,14.0
1164,Politeknik Kediri,7.0
1165,Politeknik Kelapa Sawit Citra Widya Edukasi,4.0
1166,Politeknik Kelautan Dan Perikanan Bitung,
1167,Politeknik Kelautan Dan Perikanan Bone,
1168,Politeknik Kelautan Dan Perikanan Dumai,
1169,Politeknik Kelautan Dan Perikanan Jembrana,
1170,Politeknik Kelautan Dan Perikanan Karawang,
1171,Politeknik Kelautan Dan Perikanan Kupang,
1172,Politeknik Kelautan Dan Perikanan Pangandaran,
1173,Politeknik Kelautan Dan Perikanan Sidoarjo,
1174,Politeknik Kelautan Dan Perikanan Sorong,
1175,Politeknik Kent,4.0
1176,Politeknik Kesehatan Kementerian Kesehatan Pangkal Pinang,
1177,Politeknik Kesehatan Aisyiyah Banten,
1178,Politeknik Kesehatan Bhakti Mulia,
1179,Politeknik Kesehatan Bhakti Pertiwi Husada,
1180,Politeknik Kesehatan Bhakti Setya Indonesia,
1181,Politeknik Kesehatan Jakarta Ii,
1182,Politeknik Kesehatan Kartini Bali,8.0
1183,Politeknik Kesehatan Karya Husada Yogyakarta,5.0
1184,Politeknik Kesehatan Kementerian Kesehatan Jambi,
1185,Politeknik Kesehatan Kementerian Kesehatan Aceh,
1186,Politeknik Kesehatan Kementerian Kesehatan Aceh (Kampus Langsa),
1187,Politeknik Kesehatan Kementerian Kesehatan Aceh (Kampus Meulaboh),
1188,Politeknik Kesehatan Kementerian Kesehatan Bandung,
1189,Politeknik Kesehatan Kementerian Kesehatan Banjarmasin,
1190,Politeknik Kesehatan Kementerian Kesehatan Banten,
1191,Politeknik Kesehatan Kementerian Kesehatan Bengkulu,
1192,Politeknik Kesehatan Kementerian Kesehatan Denpasar,
1193,Politeknik Kesehatan Kementerian Kesehatan Gorontalo,
1194,Politeknik Kesehatan Kementerian Kesehatan Jakarta I,
1195,Politeknik Kesehatan Kementerian Kesehatan Jakarta Ii,
1196,Politeknik Kesehatan Kementerian Kesehatan Jakarta Iii,
1197,Politeknik Kesehatan Kementerian Kesehatan Jayapura,
1198,Politeknik Kesehatan Kementerian Kesehatan Jayapura (Kampus Mimika),
1199,Politeknik Kesehatan Kementerian Kesehatan Kalimantan Timur,
1200,Politeknik Kesehatan Kementerian Kesehatan Kalimantan Timur (Kampus Balikpapan),
1201,Politeknik Kesehatan Kementerian Kesehatan Kendari,
1202,Politeknik Kesehatan Kementerian Kesehatan Kupang,
1203,Politeknik Kesehatan Kementerian Kesehatan Makassar,
1204,Politeknik Kesehatan Kementerian Kesehatan Malang,
1205,Politeknik Kesehatan Kementerian Kesehatan Malang (Kampus Kediri),
1206,Politeknik Kesehatan Kementerian Kesehatan Malang Kampus Jember,
1207,Politeknik Kesehatan Kementerian Kesehatan Maluku,
1208,Politeknik Kesehatan Kementerian Kesehatan Maluku (Kampus Saumlaki),
1209,Politeknik Kesehatan Kementerian Kesehatan Maluku (Kampus Tual),
1210,Politeknik Kesehatan Kementerian Kesehatan Mamuju,
1211,Politeknik Kesehatan Kementerian Kesehatan Manado,
1212,Politeknik Kesehatan Kementerian Kesehatan Mataram,
1213,Politeknik Kesehatan Kementerian Kesehatan Medan,
1214,Politeknik Kesehatan Kementerian Kesehatan Padang,
1215,Politeknik Kesehatan Kementerian Kesehatan Padang (Kampus Bukittinggi),
1216,Politeknik Kesehatan Kementerian Kesehatan Palangkaraya,
1217,Politeknik Kesehatan Kementerian Kesehatan Palembang,
1218,Politeknik Kesehatan Kementerian Kesehatan Palu,
1219,Politeknik Kesehatan Kementerian Kesehatan Pontianak,
1220,Politeknik Kesehatan Kementerian Kesehatan Riau,
1221,Politeknik Kesehatan Kementerian Kesehatan Semarang,
1222,Politeknik Kesehatan Kementerian Kesehatan Semarang (Kampus Magelang),
1223,Politeknik Kesehatan Kementerian Kesehatan Semarang (Kampus Pekalongan),
1224,Politeknik Kesehatan Kementerian Kesehatan Semarang (Kampus Purwokerto),
1225,Politeknik Kesehatan Kementerian Kesehatan Sorong,
1226,Politeknik Kesehatan Kementerian Kesehatan Sorong (Kampus Manokwari),
1227,Politeknik Kesehatan Kementerian Kesehatan Surabaya,
1228,Politeknik Kesehatan Kementerian Kesehatan Surakarta,
1229,Politeknik Kesehatan Kementerian Kesehatan Tanjung Karang,
1230,Politeknik Kesehatan Kementerian Kesehatan Tanjung Pinang,
1231,Politeknik Kesehatan Kementerian Kesehatan Tasikmalaya,
1232,Politeknik Kesehatan Kementerian Kesehatan Tasikmalaya (Kampus Cirebon),
1233,Politeknik Kesehatan Kementerian Kesehatan Ternate,
1234,Politeknik Kesehatan Kementerian Kesehatan Yogyakarta,
1235,Politeknik Kesehatan Kerta Cendekia,
1236,Politeknik Kesehatan Majapahit,7.0
1237,Politeknik Kesehatan Muhammadiyah Makassar,9.0
1238,Politeknik Kesehatan Permata Indonesia Yogyakarta,5.0
1239,Politeknik Kesehatan Rs Dr Soepraoen Kesdam V,
1240,Politeknik Kesehatan Siteba,
1241,Politeknik Kesehatan Tni Au Adisutjipto,
1242,Politeknik Kesehatan Tni-Au Ciumbuleuit,
1243,Politeknik Kesehatan Ummi Khasanah,
1244,Politeknik Kesehatan Yapkesbi,
1245,Politeknik Kesehatan Yrsu Dr Rusdi,
1246,Politeknik Kesehatan Yrsu Dr. Rusdi,
1247,Politeknik Kesejahteraan Sosial Bandung,
1248,Politeknik Keselamatan Transportasi Jalan,
1249,Politeknik Ketenagakerjaan,
1250,Politeknik Keuangan Negara Stan,
1251,Politeknik Komputer Niaga Lpkia,4.0
1252,Politeknik Kota Malang,7.0
1253,Politeknik Kotabaru,11.0
1254,Politeknik Krakatau,4.0
1255,Politeknik Kridatama Bandung,4.0
1256,Politeknik Kudus,6.0
1257,Politeknik Kutaraja,13.0
1258,Politeknik Lembaga Pendidikan Dan Pengembangan Profesi Indonesia,4.0
1259,Politeknik Lembaga Pendidikan Dan Pengembangan Profesi Indonesia Makassar,9.0
1260,Politeknik LP3I,3.0
1261,Politeknik LP3I Bandung,4.0
1262,Politeknik LP3I Jakarta,3.0
1263,Politeknik LP3I Medan,1.0
1264,Politeknik Lpp Yogyakarta,5.0
1265,Politeknik Malinau,11.0
1266,Politeknik Mandiri Bina Prestasi,1.0
1267,Politeknik Manufaktur Astra,3.0
1268,Politeknik Manufaktur Bandung,
1269,Politeknik Manufaktur Ceper,6.0
1270,Politeknik Manufaktur Negeri Bangka Belitung,
1271,Politeknik Maritim Ami Makassar,9.0
1272,Politeknik Maritim Negeri Indonesia,
1273,Politeknik Masamy Internasional,7.0
1274,Politeknik Medica Farma Husada Mataram,
1275,Politeknik Mekatronika Sanata Dharma,5.0
1276,Politeknik Meta Industri Cikarang,4.0
1277,Politeknik Mitra Global,7.0
1278,Politeknik Mitra Karya Mandiri,6.0
1279,Politeknik Muara Teweh,11.0
1280,Politeknik Muhammadiyah Magelang,6.0
1281,Politeknik Muhammadiyah Pekalongan,6.0
1282,Politeknik Muhammadiyah Tegal,6.0
1283,Politeknik Nasional,8.0
1284,Politeknik Nasional Denpasar,8.0
1285,Politeknik Negeri Ambon,
1286,Politeknik Negeri Bali,
1287,Politeknik Negeri Balikpapan,
1288,Politeknik Negeri Bandung,
1289,Politeknik Negeri Banjarmasin,
1290,Politeknik Negeri Banyuwangi,
1291,Politeknik Negeri Batam,
1292,Politeknik Negeri Bengkalis,
1293,Politeknik Negeri Cilacap,
1294,Politeknik Negeri Fakfak,
1295,Politeknik Negeri Indramayu,
1296,Politeknik Negeri Jakarta,
1297,Politeknik Negeri Jember,
1298,Politeknik Negeri Ketapang,
1299,Politeknik Negeri Kupang,
1300,Politeknik Negeri Lampung,
1301,Politeknik Negeri Lhokseumawe,
1302,Politeknik Negeri Madiun,
1303,Politeknik Negeri Madura,
1304,Politeknik Negeri Malang,
1305,Politeknik Negeri Manado,
1306,Politeknik Negeri Medan,
1307,Politeknik Negeri Media Kreatif,
1308,Politeknik Negeri Nusa Utara,
1309,Politeknik Negeri Padang,
1310,Politeknik Negeri Pontianak,
1311,Politeknik Negeri Samarinda,
1312,Politeknik Negeri Sambas,
1313,Politeknik Negeri Semarang,
1314,Politeknik Negeri Sriwijaya,
1315,Politeknik Negeri Subang,
1316,Politeknik Negeri Tanah Laut,
1317,Politeknik Negeri Ujung Pandang,
1318,Politeknik Nsc Surabaya,7.0
1319,Politeknik Pajajaran Insan Cinta Bangsa Bandung,4.0
1320,Politeknik Palcomtech,2.0
1321,Politeknik Palu,16.0
1322,Politeknik Pariwisata Bali,
1323,Politeknik Pariwisata Batam,10.0
1324,Politeknik Pariwisata Lombok,
1325,Politeknik Pariwisata Makassar,
1326,Politeknik Pariwisata Medan,
1327,Politeknik Pariwisata Palembang,
1328,Politeknik Pariwisata Prima Internasional,4.0
1329,Politeknik Pekerjaan Umum,
1330,Politeknik Pelayaran Banten,
1331,Politeknik Pelayaran Barombong,
1332,Politeknik Pelayaran Malahayati,
1333,Politeknik Pelayaran Sorong,
1334,Politeknik Pelayaran Sulawesi Utara,
1335,Politeknik Pelayaran Sumatera Barat,
1336,Politeknik Pelayaran Surabaya,
1337,Politeknik Pembangunan Pertanian Bogor,
1338,Politeknik Pembangunan Pertanian Gowa,
1339,Politeknik Pembangunan Pertanian Magelang,
1340,Politeknik Pembangunan Pertanian Malang,
1341,Politeknik Pembangunan Pertanian Manokwari,
1342,Politeknik Pembangunan Pertanian Medan,
1343,Politeknik Pembangunan Pertanian Yogyakarta Magelang,
1344,Politeknik Pembangunan Pertanian Yogyakarta-Magelang,
1345,Politeknik Penerbangan Jayapura,
1346,Politeknik Penerbangan Makassar,4.0
1347,Politeknik Penerbangan Medan,
1348,Politeknik Penerbangan Palembang,
1349,Politeknik Penerbangan Surabaya,
1350,Politeknik Perdamaian Halmahera,12.0
1351,Politeknik Perdana Mandiri,4.0
1352,Politeknik Perikanan Negeri Tual,
1353,Politeknik Perkapalan Negeri Surabaya,
1354,Politeknik Perkeretaapian Indonesia Madiun,
1355,Politeknik Pertanian Dan Peternakan Mapena,7.0
1356,Politeknik Pertanian Negeri Kupang,
1357,Politeknik Pertanian Negeri Pangkajene Kepulauan,
1358,Politeknik Pertanian Negeri Payakumbuh,
1359,Politeknik Pertanian Negeri Samarinda,
1360,Politeknik Pertanian Yasanto,14.0
1361,Politeknik Pgri Banten,4.0
1362,Politeknik Piksi Ganesha,4.0
1363,Politeknik Piksi Input Serang,4.0
1364,Politeknik Poliprofesi Medan,1.0
1365,Politeknik Pos Indonesia,4.0
1366,Politeknik Praktisi Bandung,4.0
1367,Politeknik Pratama,6.0
1368,Politeknik Pratama Mulia,6.0
1369,Politeknik Pratama Mulia Surakarta,6.0
1370,Politeknik Purbaya,6.0
1371,Politeknik Pusmanu,6.0
1372,Politeknik Putra Bangsa Pontianak,11.0
1373,Politeknik Raflesia,2.0
1374,Politeknik Sahid,3.0
1375,Politeknik Sains &Amp; Teknologi Wiratama Maluku Utara,12.0
1376,Politeknik Sains Dan Teknologi Wiratama Maluku Utara,12.0
1377,Politeknik Saint Paul Sorong,14.0
1378,Politeknik Sakti Surabaya,7.0
1379,Politeknik Sandi Karsa,9.0
1380,Politeknik Santo Paulus Surakarta,
1381,Politeknik Sawunggalih Aji,6.0
1382,Politeknik Sekayu,2.0
1383,Politeknik Sendawar,11.0
1384,Politeknik Seni Yogyakarta,5.0
1385,Politeknik Siber Dan Sandi Negara,
1386,Politeknik Sinar Mas Berau Coal,11.0
1387,Politeknik Soca,3.0
1388,Politeknik St. Wilhelmus,15.0
1389,Politeknik Statistika STIS,
1390,Politeknik STIA Lan Bandung,
1391,Politeknik STIA Lan Jakarta,
1392,Politeknik STIA Lan Makassar,
1393,Politeknik Stibisnis,6.0
1394,Politeknik Stmi Jakarta,
1395,Politeknik Sttt Bandung,
1396,Politeknik Sukabumi,4.0
1397,Politeknik Surabaya,7.0
1398,Politeknik Swadharma,3.0
1399,Politeknik Tanjungbalai,1.0
1400,Politeknik Tedc,4.0
1401,Politeknik Tedc Bandung,4.0
1402,Politeknik Teknologi Kimia Industri,
1403,Politeknik Tiara Bunda,4.0
1404,Politeknik Tonggak Equator,11.0
1405,Politeknik Transportasi Darat Indonesia - Sttd,
1406,Politeknik Transportasi Sungai Danau Dan Penyeberangan,
1407,Politeknik Tri Mitra Karya Mandiri,4.0
1408,Politeknik Triguna Tasikmalaya,4.0
1409,Politeknik Trisila Dharma,6.0
1410,Politeknik Tunas Pemuda,4.0
1411,Politeknik Ubaya,7.0
1412,Politeknik Unggul Lp3M,1.0
1413,Politeknik Unggulan Kalimantan,
1414,Politeknik Unisma Malang,7.0
1415,Politeknik Wilmar Bisnis Indonesia,1.0
1416,Politeknik Yakpermas Banyumas,6.0
1417,Politenik Kesehatan Yapkesbi,
1418,POLTEKKES Kemenkes Banten,
1419,POLTEKKES Kemenkes Denpasar,
1420,POLTEKKES Kemenkes Surabaya,
1421,S.T. Manajemen Bisnis Multi Sarana Manajemen Administrasi Dan Rekayasa Teknologi,1.0
1422,Sekolah Tinggi Ilmu Ekonomi Jiu,4.0
1423,Sekolah Tinggi Agama Buddha Bodhi Dharma,
1424,Sekolah Tinggi Agama Buddha Dharma Widya,
1425,Sekolah Tinggi Agama Buddha Kertarajasa,
1426,Sekolah Tinggi Agama Buddha Maha Prajna Jakarta,
1427,Sekolah Tinggi Agama Buddha Maitreyawira,
1428,Sekolah Tinggi Agama Buddha Nalanda,
1429,Sekolah Tinggi Agama Buddha Negeri Raden Wijaya,
1430,Sekolah Tinggi Agama Buddha Negeri Sriwijaya Tangerang,
1431,Sekolah Tinggi Agama Buddha Syailendra,
1432,Sekolah Tinggi Agama Hindu Dharma Nusantara Jakarta,
1433,Sekolah Tinggi Agama Hindu Dharma Sentana Sulawesi Tengah,
1434,Sekolah Tinggi Agama Hindu Lampung,
1435,Sekolah Tinggi Agama Hindu Negeri Gde Pudja Mataram,
1436,Sekolah Tinggi Agama Hindu Shantika Dharma Malang,
1437,Sekolah Tinggi Agama Islam (STAI) Al-Ma`Arif Way Kanan,
1438,Sekolah Tinggi Agama Islam (STAI) Badrus Sholeh Purwoasri Kediri,
1439,Sekolah Tinggi Agama Islam (STAI) Baturaja,
1440,Sekolah Tinggi Agama Islam (STAI) Khozinatul Ulum,
1441,Sekolah Tinggi Agama Islam (STAI) Poso,
1442,Sekolah Tinggi Agama Islam (STAI) Wakatobi,
1443,Sekolah Tinggi Agama Islam Aceh Tamiang,
1444,Sekolah Tinggi Agama Islam Al Gazali Bone,
1445,Sekolah Tinggi Agama Islam Al Hikmah Tuban,3.0
1446,Sekolah Tinggi Agama Islam Al Karimiyah,
1447,Sekolah Tinggi Agama Islam Al Mashturiyah Sukabumi,
1448,Sekolah Tinggi Agama Islam Al Masthuriyah Sukabumi,
1449,Sekolah Tinggi Agama Islam Al Muhammad Cepu,
1450,Sekolah Tinggi Agama Islam Al Musaddadiyah Garut,
1451,Sekolah Tinggi Agama Islam Al-Amin Dompu Ntb,
1452,Sekolah Tinggi Agama Islam Al-Aqidah Al-Hasyimiyah,
1453,Sekolah Tinggi Agama Islam Al-Azhar Menganti Gresik,
1454,Sekolah Tinggi Agama Islam Al-Azhary Cianjur,
1455,Sekolah Tinggi Agama Islam Al-Gazali Bulukumba,
1456,Sekolah Tinggi Agama Islam Al-Gazali Soppeng,
1457,Sekolah Tinggi Agama Islam Al-Hamidiyah Depok,
1458,Sekolah Tinggi Agama Islam Al-Hidayah Bogor,
1459,Sekolah Tinggi Agama Islam Al-Hikmah Jakarta,
1460,Sekolah Tinggi Agama Islam Al-Hikmah Medan,
1461,Sekolah Tinggi Agama Islam Ali Bin Abi Thalib,
1462,Sekolah Tinggi Agama Islam Al-Jami Banjarmasin,
1463,Sekolah Tinggi Agama Islam Al-Khairat Pemekasan,
1464,Sekolah Tinggi Agama Islam Al-Ma`Arif Way Kanan,
1465,Sekolah Tinggi Agama Islam Al-Mas`Udiyah,
1466,Sekolah Tinggi Agama Islam Al-Mawaddah Warrahmah Kolaka,
1467,Sekolah Tinggi Agama Islam Al-Muhajirin Purwakarta,
1468,Sekolah Tinggi Agama Islam Al-Mujtahadah Pekanbaru,
1469,Sekolah Tinggi Agama Islam Al-Qudwah Depok,
1470,Sekolah Tinggi Agama Islam Al-Washliyah,
1471,Sekolah Tinggi Agama Islam Ar-Rosyid,
1472,Sekolah Tinggi Agama Islam As`Adiyah Sengkang Wajo,
1473,Sekolah Tinggi Agama Islam As-Sunnah,
1474,Sekolah Tinggi Agama Islam Badrus Sholeh Kediri,
1475,Sekolah Tinggi Agama Islam Badrus Sholeh Purwoasri Kediri,
1476,Sekolah Tinggi Agama Islam Bakti Negara Tegal,
1477,Sekolah Tinggi Agama Islam Balikpapan,
1478,Sekolah Tinggi Agama Islam Baturaja,
1479,Sekolah Tinggi Agama Islam Binamadani Cikokol Tangerang,
1480,Sekolah Tinggi Agama Islam Binamadani Tangerang,
1481,Sekolah Tinggi Agama Islam Blambangan,
1482,Sekolah Tinggi Agama Islam Brebes,
1483,Sekolah Tinggi Agama Islam Bumi Silampari Lubuklinggau,
1484,Sekolah Tinggi Agama Islam Bustanul Ulum,
1485,Sekolah Tinggi Agama Islam Cendekia Insani Situbondo,
1486,Sekolah Tinggi Agama Islam Cirebon,
1487,Sekolah Tinggi Agama Islam Darud Dakwah Wal Irsyad Maros,
1488,Sekolah Tinggi Agama Islam Darul Arqam Muhammadiyah Garut,
1489,Sekolah Tinggi Agama Islam Darul Hikmah,
1490,Sekolah Tinggi Agama Islam Darul Kamal Nw Kembang Kerang,
1491,Sekolah Tinggi Agama Islam Darul Ulum Kandangan,
1492,Sekolah Tinggi Agama Islam Darul Ulum Sarolangun,
1493,Sekolah Tinggi Agama Islam Darunnajah Jakarta,
1494,Sekolah Tinggi Agama Islam Darussalam Lampung,
1495,Sekolah Tinggi Agama Islam Darussalam Nganjuk,
1496,Sekolah Tinggi Agama Islam Daruttaqwa Gresik,
1497,Sekolah Tinggi Agama Islam Daruttaqwa Manyar Gresik,
1498,Sekolah Tinggi Agama Islam Ddi Maros,
1499,Sekolah Tinggi Agama Islam Ddi Pinrang,
1500,Sekolah Tinggi Agama Islam Ddi Sidrap,
1501,Sekolah Tinggi Agama Islam Diniyah Pekanbaru,
1502,Sekolah Tinggi Agama Islam Diponegoro Tulungagung,
1503,Sekolah Tinggi Agama Islam Dr. Kh. Ez. Muttaqien Purwakarta,
1504,Sekolah Tinggi Agama Islam Grobogan,
1505,Sekolah Tinggi Agama Islam H.M. Lukman Edy Pekanbaru,
1506,Sekolah Tinggi Agama Islam Hasanuddin Pare,
1507,Sekolah Tinggi Agama Islam Hm.Lukman Edy Pekanbaru,
1508,Sekolah Tinggi Agama Islam Hubbul Wathan Duri Riau,
1509,Sekolah Tinggi Agama Islam Ibnu Rusyd,
1510,Sekolah Tinggi Agama Islam Indonesia Jakarta,
1511,Sekolah Tinggi Agama Islam Jam`Iyah Mahmudiyah Tanjung Pura Langkat,
1512,Sekolah Tinggi Agama Islam Kupang,
1513,Sekolah Tinggi Agama Islam Luqman Al-Hakim Surabaya,
1514,Sekolah Tinggi Agama Islam Ma`Arif Jambi,
1515,Sekolah Tinggi Agama Islam Ma`Arif Kendal,
1516,Sekolah Tinggi Agama Islam Ma`Arif Magetan,
1517,Sekolah Tinggi Agama Islam Ma`Arif Sarolangun,
1518,Sekolah Tinggi Agama Islam Ma`Arif Sintang,
1519,Sekolah Tinggi Agama Islam Ma`Had Aly Al-Hikam Malang,
1520,Sekolah Tinggi Agama Islam Madinatun Najah Rengat Riau,
1521,Sekolah Tinggi Agama Islam Madiun Jawa Timur,
1522,Sekolah Tinggi Agama Islam Mambaul Ulum Jambi,
1523,Sekolah Tinggi Agama Islam Masjid Syuhada,
1524,Sekolah Tinggi Agama Islam Miftahul Ula Nganjuk,
1525,Sekolah Tinggi Agama Islam Miftahul Ulum Pamekasan,
1526,Sekolah Tinggi Agama Islam Minhaajurroosyidiin,
1527,Sekolah Tinggi Agama Islam Muara Bulian,
1528,Sekolah Tinggi Agama Islam Muhammadiyah Bandung,
1529,Sekolah Tinggi Agama Islam Muhammadiyah Klaten,
1530,Sekolah Tinggi Agama Islam Muhammadiyah Paciran,
1531,Sekolah Tinggi Agama Islam Muhammadiyah Probolinggo,
1532,Sekolah Tinggi Agama Islam Muhammadiyah Tulungagung,
1533,Sekolah Tinggi Agama Islam Mulia Astuti Wonogiri Jawa Tengah,
1534,Sekolah Tinggi Agama Islam Nahdlatul Ulama Kotabumi,
1535,Sekolah Tinggi Agama Islam Nahdlatul Ulama Madiun,
1536,Sekolah Tinggi Agama Islam Nahdlatul Ulama Tasikmalaya,
1537,Sekolah Tinggi Agama Islam Natuna,
1538,Sekolah Tinggi Agama Islam Nazhatut Thullab Sampang,
1539,Sekolah Tinggi Agama Islam Nazhatut Thullab Sampang Madura,
1540,Sekolah Tinggi Agama Islam Negeri Gajah Putih Takengon,
1541,Sekolah Tinggi Agama Islam Negeri Kediri,
1542,Sekolah Tinggi Agama Islam Negeri Kudus,
1543,Sekolah Tinggi Agama Islam Negeri Majene,
1544,Sekolah Tinggi Agama Islam Negeri Malikussaleh Lhokseumawe,
1545,Sekolah Tinggi Agama Islam Negeri Mandailing Natal,
1546,Sekolah Tinggi Agama Islam Negeri Pamekasan,
1547,Sekolah Tinggi Agama Islam Negeri Pare-Pare,
1548,Sekolah Tinggi Agama Islam Negeri Sorong,
1549,Sekolah Tinggi Agama Islam Negeri Sultan Abdurrahman Kepulauan Riau,
1550,Sekolah Tinggi Agama Islam Negeri Teungku Dirundeng Meulaboh,
1551,Sekolah Tinggi Agama Islam Negeri Watampone,
1552,Sekolah Tinggi Agama Islam Ngawi,
1553,Sekolah Tinggi Agama Islam Nida El Adabi Parung Panjang Bogor,
1554,Sekolah Tinggi Agama Islam Nur El Ghazy Bekasi,
1555,Sekolah Tinggi Agama Islam Nurul Falah Airmolek Indragiri Riau,
1556,Sekolah Tinggi Agama Islam Nurul Huda,
1557,Sekolah Tinggi Agama Islam Nurul Iman,
1558,Sekolah Tinggi Agama Islam Nusantara Kota Banda Aceh,
1559,Sekolah Tinggi Agama Islam Pangeran Dharma Kusuma Segeran Indramayu,
1560,Sekolah Tinggi Agama Islam Pati,
1561,Sekolah Tinggi Agama Islam Pengembangan Ilmu Al-Qur`An,
1562,Sekolah Tinggi Agama Islam Publisistik Thawalib,
1563,Sekolah Tinggi Agama Islam Rahmaniyah Sekayu,
1564,Sekolah Tinggi Agama Islam Raudhatul Akmal,
1565,Sekolah Tinggi Agama Islam Rokan Besar Batu Rokan Hilir Riau,
1566,Sekolah Tinggi Agama Islam Sabilul Muttaqqin Mojokerto Jawa Timur,
1567,Sekolah Tinggi Agama Islam Sangatta Kutai Timur,
1568,Sekolah Tinggi Agama Islam Sepakat Segenep Kutacane Aceh Tenggara,
1569,Sekolah Tinggi Agama Islam Seram Timur,
1570,Sekolah Tinggi Agama Islam Siliwangi Bandung,
1571,Sekolah Tinggi Agama Islam Solok Nan Indah,
1572,Sekolah Tinggi Agama Islam Sufyan Tsauri,
1573,Sekolah Tinggi Agama Islam Sultan Abdurrahman Kepulauan Riau,
1574,Sekolah Tinggi Agama Islam Sulthan Syarif Hasyim Siak Sri Indrapura,
1575,Sekolah Tinggi Agama Islam Sumatera Medan,
1576,Sekolah Tinggi Agama Islam Syaichona Moh. Cholil Bangkalan,
1577,Sekolah Tinggi Agama Islam Syamsul Ulum Gunung Puyuh Sukabumi,
1578,Sekolah Tinggi Agama Islam Syarif Muhammad Raha,
1579,Sekolah Tinggi Agama Islam Syekh Manshur Pandeglang,
1580,Sekolah Tinggi Agama Islam Syekh.H.Abdul Halim Al-Ishlahiyah,
1581,Sekolah Tinggi Agama Islam Tapanuli Padangsidempuan,
1582,Sekolah Tinggi Agama Islam Taruna Surabaya,
1583,Sekolah Tinggi Agama Islam Tuanku Tambusai Riau,
1584,Sekolah Tinggi Agama Islam Tulang Bawang,
1585,Sekolah Tinggi Agama Islam Uisu Pematang Siantar,
1586,Sekolah Tinggi Agama Islam Yaperi Cibinong,
1587,Sekolah Tinggi Agama Islam Yapnas Jeneponto,
1588,Sekolah Tinggi Agama Islam Yasba Kalianda,
1589,Sekolah Tinggi Agama Islam Yayasan Tgk Chik Pante Kulu,
1590,Sekolah Tinggi Agama Islam Ydi Lubuk Sikaping Pasaman,
1591,Sekolah Tinggi Agama Islam Yki Sumatera Barat,
1592,Sekolah Tinggi Agama Islam Yogyakarta,
1593,Sekolah Tinggi Agama Islam Yogyakarta Wonosari,
1594,Sekolah Tinggi Agama Islam Ypi Al Ikhlas Painan,
1595,Sekolah Tinggi Agama Islam Ypiq Baubau,
1596,Sekolah Tinggi Agama Islam Ypiq Bau-Bau,
1597,Sekolah Tinggi Agama Katolik Negeri Pontianak,
1598,Sekolah Tinggi Agama Kristen Apollos Manado,
1599,Sekolah Tinggi Agama Kristen Arastamar Grimenawa Jayapura,
1600,Sekolah Tinggi Agama Kristen Arastamar Soe (Stakas),
1601,Sekolah Tinggi Agama Kristen Bina Muda Wirawan Wonogiri,
1602,Sekolah Tinggi Agama Kristen Diaspora Wamena,
1603,Sekolah Tinggi Agama Kristen Emmanuel Agung Nias,
1604,Sekolah Tinggi Agama Kristen Lentera Bangsa Manado,
1605,Sekolah Tinggi Agama Kristen Luwuk Banggai,
1606,Sekolah Tinggi Agama Kristen Maluku Utara,
1607,Sekolah Tinggi Agama Kristen Negeri Kupang,
1608,Sekolah Tinggi Agama Kristen Negeri Palangka Raya,
1609,Sekolah Tinggi Agama Kristen Negeri Toraja,
1610,Sekolah Tinggi Agama Kristen Oikumene Timika,
1611,Sekolah Tinggi Agama Kristen Terpadu Pesat Salatiga,
1612,Sekolah Tinggi Agama Kristen Teruna Bhakti,
1613,Sekolah Tinggi Agama Kristen Wiyata Wacana Pati,
1614,Sekolah Tinggi Akuntansi Dan Manajemen Indonesia,1.0
1615,Sekolah Tinggi Alkitab Batu Malang,
1616,Sekolah Tinggi Alkitab Ginosko Airmadidi,
1617,Sekolah Tinggi Alkitab Jember,
1618,Sekolah Tinggi Alkitab Nusantara,
1619,Sekolah Tinggi Alkitab Penyebaran Injil (Stapin) Majalengka,
1620,Sekolah Tinggi Alkitab Surabaya,
1621,Sekolah Tinggi Alkitab Tiranus Bandung,
1622,Sekolah Tinggi Analis Bakti Asih,4.0
1623,Sekolah Tinggi Analis Kimia Cilegon,4.0
1624,Sekolah Tinggi Arsitektur Ykpn Yogyakarta,5.0
1625,Sekolah Tinggi Bahasa Asing &Quot;Iec&Quot;,3.0
1626,Sekolah Tinggi Bahasa Asing Bina Dinamika Cianjur,4.0
1627,Sekolah Tinggi Bahasa Asing Cakrawala Nusantara,15.0
1628,Sekolah Tinggi Bahasa Asing Cipto Hadi Pranoto,4.0
1629,Sekolah Tinggi Bahasa Asing Cirebon,4.0
1630,Sekolah Tinggi Bahasa Asing Harapan,1.0
1631,Sekolah Tinggi Bahasa Asing Jia,4.0
1632,Sekolah Tinggi Bahasa Asing Jiu,4.0
1633,Sekolah Tinggi Bahasa Asing Lia,3.0
1634,Sekolah Tinggi Bahasa Asing Lia Jakarta,3.0
1635,Sekolah Tinggi Bahasa Asing Lia Yogyakarta,5.0
1636,Sekolah Tinggi Bahasa Asing Malang,7.0
1637,Sekolah Tinggi Bahasa Asing Methodist,2.0
1638,Sekolah Tinggi Bahasa Asing Pertiwi Indonesia,3.0
1639,Sekolah Tinggi Bahasa Asing Pontianak,11.0
1640,Sekolah Tinggi Bahasa Asing Prayoga,10.0
1641,Sekolah Tinggi Bahasa Asing Saraswati,8.0
1642,Sekolah Tinggi Bahasa Asing Sebelas April Sumedang,4.0
1643,Sekolah Tinggi Bahasa Asing Technocrat,4.0
1644,Sekolah Tinggi Bahasa Asing Yapari,4.0
1645,Sekolah Tinggi Bahasa Asing Yunisla Bandar Lampung,2.0
1646,Sekolah Tinggi Bahasa Harapan Bersama,11.0
1647,Sekolah Tinggi Bibelvrouw Hkbp Laguboti,
1648,Sekolah Tinggi Bio Sains Swadiri,14.0
1649,Sekolah Tinggi Bisnis Dan Manajemen Dua Saudara,16.0
1650,Sekolah Tinggi Desain Bali,8.0
1651,Sekolah Tinggi Desain Indonesia Bandung,4.0
1652,Sekolah Tinggi Desain Interstudi,3.0
1653,Sekolah Tinggi Desain La Salle,3.0
1654,Sekolah Tinggi Diakones Hkbp Balige,
1655,Sekolah Tinggi Dirasat Islamiyah Imam Syafi`I Jember,
1656,Sekolah Tinggi Ekonomi Manajemen Bisnis Islam (Stembi) Bandung,
1657,Sekolah Tinggi Ekonomi Bisnis Islam Syari'Ah Bina Mandiri Cileungsu Bogor,
1658,Sekolah Tinggi Ekonomi Dan Bisnis Islam (Stebis) Muhammadiyah Sumedang,
1659,Sekolah Tinggi Ekonomi Dan Bisnis Islam (Stebis) Pagaralam,
1660,Sekolah Tinggi Ekonomi Dan Bisnis Islam Al Jabar Bandung Jawa Barat,
1661,Sekolah Tinggi Ekonomi Dan Bisnis Islam Al-Muhsin Yogyakarta,
1662,Sekolah Tinggi Ekonomi Dan Bisnis Islam Darussalam Ogan Komering Ilir Sumsel,
1663,Sekolah Tinggi Ekonomi Dan Bisnis Islam Nur Ilmi Al-Ismailiyun,
1664,Sekolah Tinggi Ekonomi Dan Bisnis Islam Syaikhona Kholil Sidogiri Pasuruan,
1665,Sekolah Tinggi Ekonomi Dan Bisnis Islam Tanggamus Lampung,
1666,Sekolah Tinggi Ekonomi Dan Bisnis Syariah (Stebis) Indo Global Mandiri,
1667,Sekolah Tinggi Ekonomi Dan Bisnis Syariah Indo Global Mandiri,
1668,Sekolah Tinggi Ekonomi Dan Perbankan Islam Mr. Sjafruddin Prawiranegara,
1669,Sekolah Tinggi Ekonomi Islam (Stei) Al-Arsyadi Kalimantan Timur,
1670,Sekolah Tinggi Ekonomi Islam (Stei) Lppm,
1671,Sekolah Tinggi Ekonomi Islam (Stei) Tazkia,
1672,Sekolah Tinggi Ekonomi Islam Al Furqon Prabumulih Sumatera Selatan,
1673,Sekolah Tinggi Ekonomi Islam Al Ishlah Bobos,
1674,Sekolah Tinggi Ekonomi Islam Bina Cipta Madani,
1675,Sekolah Tinggi Ekonomi Islam Darul Qur'An Minak Selebah,
1676,Sekolah Tinggi Ekonomi Islam Hamfara Yogyakarta,
1677,Sekolah Tinggi Ekonomi Islam Kanjeng Sepuh Gresik Jawa Timur,
1678,Sekolah Tinggi Ekonomi Islam Masyarakat Madani,
1679,Sekolah Tinggi Ekonomi Islam Sebi,
1680,Sekolah Tinggi Ekonomi Islam Sebi (Stei Sebi) Ciputat Tangerang,
1681,Sekolah Tinggi Ekonomi Islam Yogyakarta,
1682,Sekolah Tinggi Ekonomi Syari`Ah Islamic Village Tangerang,
1683,Sekolah Tinggi Ekonomi Syari'Ah Bhakti Nugraha,
1684,Sekolah Tinggi Ekonomi Syariah Harapan Bima,
1685,Sekolah Tinggi Ekonomi Syariah Ihya Ulumiddin,
1686,Sekolah Tinggi Ekonomi Syariah Manna Wa Salwa Tanah Datar Sumatera Barat,
1687,Sekolah Tinggi Elektronika &Amp; Komputer (Stekom),6.0
1688,Sekolah Tinggi Elektronika Dan Komputer Pat,6.0
1689,Sekolah Tinggi Energi Dan Mineral,
1690,Sekolah Tinggi Farmasi Bandung,
1691,Sekolah Tinggi Farmasi Indonesia Bandung,4.0
1692,Sekolah Tinggi Farmasi Indonesia Perintis Padang,
1693,Sekolah Tinggi Farmasi Mahaganesha,
1694,Sekolah Tinggi Farmasi Muhammadiyah Cirebon,4.0
1695,Sekolah Tinggi Farmasi Muhammadiyah Tangerang,4.0
1696,Sekolah Tinggi Filsafat Driyarkara,3.0
1697,Sekolah Tinggi Filsafat Fajar Timur Jayapura,14.0
1698,Sekolah Tinggi Filsafat Islam (Stfi) Sadra Jakarta,
1699,Sekolah Tinggi Filsafat Jaffray Makassar,
1700,Sekolah Tinggi Filsafat Katolik Ledalero,15.0
1701,Sekolah Tinggi Filsafat Seminari Pineleng,16.0
1702,Sekolah Tinggi Filsafat Teologi Widya Sasana,7.0
1703,Sekolah Tinggi Filsafat Theologi Jakarta,3.0
1704,Sekolah Tinggi Filsafat Theologi S Nusantara,1.0
1705,Sekolah Tinggi Guru Huria Hkbp Sipoholon,
1706,Sekolah Tinggi Hindu Dharma Klaten Jawa Tengah,
1707,Sekolah Tinggi Hukum Bandung,4.0
1708,Sekolah Tinggi Hukum Galunggung,4.0
1709,Sekolah Tinggi Hukum Garut,4.0
1710,Sekolah Tinggi Hukum Indonesia Jakarta,3.0
1711,Sekolah Tinggi Hukum Militer Ahm - Pthm,
1712,Sekolah Tinggi Hukum Pasundan,4.0
1713,Sekolah Tinggi Ilmu Adab Dan Budaya Islam Riyadul 'Ulum,
1714,Sekolah Tinggi Ilmu Administrasi Aan,5.0
1715,Sekolah Tinggi Ilmu Administrasi Adabiah,10.0
1716,Sekolah Tinggi Ilmu Administrasi Al Gazali Barru,9.0
1717,Sekolah Tinggi Ilmu Administrasi Amuntai,11.0
1718,Sekolah Tinggi Ilmu Administrasi Bagasasi,4.0
1719,Sekolah Tinggi Ilmu Administrasi Bandung,4.0
1720,Sekolah Tinggi Ilmu Administrasi Banten,4.0
1721,Sekolah Tinggi Ilmu Administrasi Bayuangga,7.0
1722,Sekolah Tinggi Ilmu Administrasi Bayuangga Probolinggo,7.0
1723,Sekolah Tinggi Ilmu Administrasi Bengkulu,2.0
1724,Sekolah Tinggi Ilmu Administrasi Bina Banua Banjarmasin,11.0
1725,Sekolah Tinggi Ilmu Administrasi Bina Taruna,16.0
1726,Sekolah Tinggi Ilmu Administrasi Cimahi,4.0
1727,Sekolah Tinggi Ilmu Administrasi Darul Rahman Tual,12.0
1728,Sekolah Tinggi Ilmu Administrasi Indragiri,10.0
1729,Sekolah Tinggi Ilmu Administrasi Iskandar Thani,13.0
1730,Sekolah Tinggi Ilmu Administrasi Karya Dharma,14.0
1731,Sekolah Tinggi Ilmu Administrasi Kawula Indonesia,3.0
1732,Sekolah Tinggi Ilmu Administrasi Lancang Kuning,10.0
1733,Sekolah Tinggi Ilmu Administrasi Langgur,12.0
1734,Sekolah Tinggi Ilmu Administrasi Lppn,10.0
1735,Sekolah Tinggi Ilmu Administrasi Madani,6.0
1736,Sekolah Tinggi Ilmu Administrasi Malang,7.0
1737,Sekolah Tinggi Ilmu Administrasi Mataram,8.0
1738,Sekolah Tinggi Ilmu Administrasi Maulana Yusuf Banten,4.0
1739,Sekolah Tinggi Ilmu Administrasi Menara Siswa,4.0
1740,Sekolah Tinggi Ilmu Administrasi Muhammadiyah Selong,8.0
1741,Sekolah Tinggi Ilmu Administrasi Nasional,13.0
1742,Sekolah Tinggi Ilmu Administrasi Pancamarga Palu,16.0
1743,Sekolah Tinggi Ilmu Administrasi Panglima Sudirman,7.0
1744,Sekolah Tinggi Ilmu Administrasi Pelita Nusantara,13.0
1745,Sekolah Tinggi Ilmu Administrasi Pembangunan,7.0
1746,Sekolah Tinggi Ilmu Administrasi Puangrimaggalatung,9.0
1747,Sekolah Tinggi Ilmu Administrasi Said Perintah,12.0
1748,Sekolah Tinggi Ilmu Administrasi Said Perintah Masohi,
1749,Sekolah Tinggi Ilmu Administrasi Sandikta,4.0
1750,Sekolah Tinggi Ilmu Administrasi Satya Negara,2.0
1751,Sekolah Tinggi Ilmu Administrasi Saumlaki,12.0
1752,Sekolah Tinggi Ilmu Administrasi Sebelas April,4.0
1753,Sekolah Tinggi Ilmu Administrasi Setih Setio,10.0
1754,Sekolah Tinggi Ilmu Administrasi Tabalong,11.0
1755,Sekolah Tinggi Ilmu Administrasi Trinitas,12.0
1756,Sekolah Tinggi Ilmu Administrasi Yappi Makassar,9.0
1757,Sekolah Tinggi Ilmu Administrasi Yppt Tasikmalaya,4.0
1758,Sekolah Tinggi Ilmu Agama Buddha Jinarakkhita,
1759,Sekolah Tinggi Ilmu Agama Buddha Smaratungga,
1760,Sekolah Tinggi Ilmu Agama Islam Al Azhar,
1761,Sekolah Tinggi Ilmu Al Qur`An An Nur Yogyakarta,
1762,Sekolah Tinggi Ilmu Al Quran Al Multazam,
1763,Sekolah Tinggi Ilmu Al Qur'An Ar-Rahman,
1764,Sekolah Tinggi Ilmu Al Quran Wali Songo Situbondo Jawa Timur,
1765,Sekolah Tinggi Ilmu Al-Qur`An (Stiq) Islamic Center Demak,
1766,Sekolah Tinggi Ilmu Al-Qur`An (Stiq) Isy Karima Karanganyar,
1767,Sekolah Tinggi Ilmu Al-Quran (Stiq) An-Nur Lempuing Oki,
1768,Sekolah Tinggi Ilmu Al-Qur'An (Stiq) Bima,
1769,Sekolah Tinggi Ilmu Al-Qur'An Al-Lathifiyyah Palembang Sumatera Selatan,
1770,Sekolah Tinggi Ilmu Al-Qur'An Nurul Islam,
1771,Sekolah Tinggi Ilmu Bahasa Arab Ar-Raayah,
1772,Sekolah Tinggi Ilmu Bahasa Arab Darul Ulum Banyuanyar Pamekasan Jawa Timur,
1773,Sekolah Tinggi Ilmu Bahasa Asing Bumi Gora Mataram,8.0
1774,Sekolah Tinggi Ilmu Bahasa Asing Invada,4.0
1775,Sekolah Tinggi Ilmu Bahasa Asing Itmi Medan,1.0
1776,Sekolah Tinggi Ilmu Bahasa Asing Persada Bunda,10.0
1777,Sekolah Tinggi Ilmu Bahasa Dan Dakwah Masjid Agung Sunan Ampel Surabaya Jatim,
1778,Sekolah Tinggi Ilmu Bahasa Dan Sastra Satya Widya,7.0
1779,Sekolah Tinggi Ilmu Bisnis Kumala Nusa,5.0
1780,Sekolah Tinggi Ilmu Budaya Islam Syekh Jangkung Pati,
1781,Sekolah Tinggi Ilmu Dakwah Al - Biruni,
1782,Sekolah Tinggi Ilmu Dakwah Dan Komunikasi Al-Hamidy Pamekasan,
1783,Sekolah Tinggi Ilmu Dakwah Dan Komunikasi Islam Al Mardliyyah Pamekasan,
1784,Sekolah Tinggi Ilmu Dakwah Dan Komunikasi Islam Al-Aziz Batam,
1785,Sekolah Tinggi Ilmu Dakwah Dan Komunikasi Islam Ar-Rahmah Surabaya,
1786,Sekolah Tinggi Ilmu Dakwah Dan Komunikasi Islam Bogor Jawa Barat,
1787,Sekolah Tinggi Ilmu Dakwah Dan Komunikasi Islam Nahdlatul Ulama Indramayu,
1788,Sekolah Tinggi Ilmu Dakwah Mohammad Natsir,
1789,Sekolah Tinggi Ilmu Dakwah Raudlatul Iman Sumenep Jawa Timur,
1790,Sekolah Tinggi Ilmu Dakwah Sirnarasa,
1791,Sekolah Tinggi Ilmu Eknomi Yapis Merauke,14.0
1792,Sekolah Tinggi Ilmu Ekonom Syari'Ah Mitra Karya Bekasi Jawa Barat,
1793,Sekolah Tinggi Ilmu Ekonomi 45 Mataram,8.0
1794,Sekolah Tinggi Ilmu Ekonomi Aas,6.0
1795,Sekolah Tinggi Ilmu Ekonomi Abdi Nusa,2.0
1796,Sekolah Tinggi Ilmu Ekonomi Adi Unggul Bhirawa,6.0
1797,Sekolah Tinggi Ilmu Ekonomi Ahmad Dahlan Jakarta,3.0
1798,Sekolah Tinggi Ilmu Ekonomi Aka,6.0
1799,Sekolah Tinggi Ilmu Ekonomi Al Washliyah,1.0
1800,Sekolah Tinggi Ilmu Ekonomi Al-Anwar,7.0
1801,Sekolah Tinggi Ilmu Ekonomi Al-Khairiyah,4.0
1802,Sekolah Tinggi Ilmu Ekonomi Ama,6.0
1803,Sekolah Tinggi Ilmu Ekonomi Amkop Makassar,9.0
1804,Sekolah Tinggi Ilmu Ekonomi Amm,8.0
1805,Sekolah Tinggi Ilmu Ekonomi Amsir Pare-Pare,9.0
1806,Sekolah Tinggi Ilmu Ekonomi Anindyaguna,6.0
1807,Sekolah Tinggi Ilmu Ekonomi Aprin,2.0
1808,Sekolah Tinggi Ilmu Ekonomi Artha Bodhi Iswara,7.0
1809,Sekolah Tinggi Ilmu Ekonomi Asia Malang,7.0
1810,Sekolah Tinggi Ilmu Ekonomi Assholeh,6.0
1811,Sekolah Tinggi Ilmu Ekonomi Atma Bhakti,6.0
1812,Sekolah Tinggi Ilmu Ekonomi Bajiminasa Makassar,9.0
1813,Sekolah Tinggi Ilmu Ekonomi Bali International Institute Of Tourism Management Kuta Badung,8.0
1814,Sekolah Tinggi Ilmu Ekonomi Balikpapan,11.0
1815,Sekolah Tinggi Ilmu Ekonomi Bangkinang,10.0
1816,Sekolah Tinggi Ilmu Ekonomi Bank Bpd Jawa Tengah,6.0
1817,Sekolah Tinggi Ilmu Ekonomi Banten,4.0
1818,Sekolah Tinggi Ilmu Ekonomi Bentara Persada Batam,10.0
1819,Sekolah Tinggi Ilmu Ekonomi Bhakti Pembangunan,3.0
1820,Sekolah Tinggi Ilmu Ekonomi Bii Bekasi,4.0
1821,Sekolah Tinggi Ilmu Ekonomi Bima,8.0
1822,Sekolah Tinggi Ilmu Ekonomi Bina Karya,1.0
1823,Sekolah Tinggi Ilmu Ekonomi Binaniaga,4.0
1824,Sekolah Tinggi Ilmu Ekonomi Bisma Lepisi,4.0
1825,Sekolah Tinggi Ilmu Ekonomi Bisnis Indonesia,3.0
1826,Sekolah Tinggi Ilmu Ekonomi Boedi Oetomo,11.0
1827,Sekolah Tinggi Ilmu Ekonomi Bongaya Makassar,9.0
1828,Sekolah Tinggi Ilmu Ekonomi Bpkp,3.0
1829,Sekolah Tinggi Ilmu Ekonomi Budi Pertiwi,4.0
1830,Sekolah Tinggi Ilmu Ekonomi Bukit Zaitun Sorong,14.0
1831,Sekolah Tinggi Ilmu Ekonomi Bulungan Tarakan,11.0
1832,Sekolah Tinggi Ilmu Ekonomi Cakrawala,10.0
1833,Sekolah Tinggi Ilmu Ekonomi Cendekia Bojonegoro,7.0
1834,Sekolah Tinggi Ilmu Ekonomi Cendekia Karya Utama,6.0
1835,Sekolah Tinggi Ilmu Ekonomi Cipasung,4.0
1836,Sekolah Tinggi Ilmu Ekonomi Cirebon,4.0
1837,Sekolah Tinggi Ilmu Ekonomi Dahani Dahanai Buntok,11.0
1838,Sekolah Tinggi Ilmu Ekonomi Dan Bisnis Islam Lampung,
1839,Sekolah Tinggi Ilmu Ekonomi Dan Bisnis Prana Putra,2.0
1840,Sekolah Tinggi Ilmu Ekonomi Deli Sumatera,1.0
1841,Sekolah Tinggi Ilmu Ekonomi Dewantara,4.0
1842,Sekolah Tinggi Ilmu Ekonomi Dharma Agung Bandung,4.0
1843,Sekolah Tinggi Ilmu Ekonomi Dharma Bumi Putra,3.0
1844,Sekolah Tinggi Ilmu Ekonomi Dharma Nasional Jember,7.0
1845,Sekolah Tinggi Ilmu Ekonomi Dharma Putra,6.0
1846,Sekolah Tinggi Ilmu Ekonomi Dharma Putra Pekanbaru,10.0
1847,Sekolah Tinggi Ilmu Ekonomi Dharma Putra Semarang,6.0
1848,Sekolah Tinggi Ilmu Ekonomi Dr Kh Ez Mutaqien,4.0
1849,Sekolah Tinggi Ilmu Ekonomi Dwi Sakti Baturaja,2.0
1850,Sekolah Tinggi Ilmu Ekonomi Dwimulya,4.0
1851,Sekolah Tinggi Ilmu Ekonomi Dwipa Wacana,3.0
1852,Sekolah Tinggi Ilmu Ekonomi Eben Haezer Manado,16.0
1853,Sekolah Tinggi Ilmu Ekonomi Eka Prasetya,1.0
1854,Sekolah Tinggi Ilmu Ekonomi Ekadharma Indonesia,4.0
1855,Sekolah Tinggi Ilmu Ekonomi Ekuitas,4.0
1856,Sekolah Tinggi Ilmu Ekonomi El Fatah Manado,16.0
1857,Sekolah Tinggi Ilmu Ekonomi El Hakim,10.0
1858,Sekolah Tinggi Ilmu Ekonomi Enam-Enam Kendari,9.0
1859,Sekolah Tinggi Ilmu Ekonomi Fatahillah,7.0
1860,Sekolah Tinggi Ilmu Ekonomi Galileo,10.0
1861,Sekolah Tinggi Ilmu Ekonomi Ganesha,3.0
1862,Sekolah Tinggi Ilmu Ekonomi Gema Widya Bangsa,4.0
1863,Sekolah Tinggi Ilmu Ekonomi Gempol,7.0
1864,Sekolah Tinggi Ilmu Ekonomi Gentiaras,2.0
1865,Sekolah Tinggi Ilmu Ekonomi Gici,4.0
1866,Sekolah Tinggi Ilmu Ekonomi Graha Karya Muara Bulian,10.0
1867,Sekolah Tinggi Ilmu Ekonomi Graha Kirana,1.0
1868,Sekolah Tinggi Ilmu Ekonomi H Agus Salim,10.0
1869,Sekolah Tinggi Ilmu Ekonomi Haji Agus Salim,10.0
1870,Sekolah Tinggi Ilmu Ekonomi Harapan Bangsa,4.0
1871,Sekolah Tinggi Ilmu Ekonomi Hidayatullah Depok,4.0
1872,Sekolah Tinggi Ilmu Ekonomi Ibbi,1.0
1873,Sekolah Tinggi Ilmu Ekonomi Ibmt,7.0
1874,Sekolah Tinggi Ilmu Ekonomi Ibnusina,10.0
1875,Sekolah Tinggi Ilmu Ekonomi Ichsan,16.0
1876,Sekolah Tinggi Ilmu Ekonomi Ichsan Sidenreng Rappang,9.0
1877,Sekolah Tinggi Ilmu Ekonomi Ieu,7.0
1878,Sekolah Tinggi Ilmu Ekonomi Igi,3.0
1879,Sekolah Tinggi Ilmu Ekonomi Indocakti,7.0
1880,Sekolah Tinggi Ilmu Ekonomi Indonesia Banjarmasin,11.0
1881,Sekolah Tinggi Ilmu Ekonomi Indonesia Banking School,3.0
1882,Sekolah Tinggi Ilmu Ekonomi Indonesia Jakarta,3.0
1883,Sekolah Tinggi Ilmu Ekonomi Indonesia Makassar,9.0
1884,Sekolah Tinggi Ilmu Ekonomi Indonesia Malang,7.0
1885,Sekolah Tinggi Ilmu Ekonomi Indonesia Medan,1.0
1886,Sekolah Tinggi Ilmu Ekonomi Indonesia Membangun,4.0
1887,Sekolah Tinggi Ilmu Ekonomi Indonesia Membangun (Inaba),4.0
1888,Sekolah Tinggi Ilmu Ekonomi Indonesia Pontianak,11.0
1889,Sekolah Tinggi Ilmu Ekonomi Indonesia Surabaya,7.0
1890,Sekolah Tinggi Ilmu Ekonomi Indragiri Rengat,10.0
1891,Sekolah Tinggi Ilmu Ekonomi Insan Pembangunan,4.0
1892,Sekolah Tinggi Ilmu Ekonomi Ipwi Jakarta,3.0
1893,Sekolah Tinggi Ilmu Ekonomi Ism,4.0
1894,Sekolah Tinggi Ilmu Ekonomi Isti Ekatana Upaweda,5.0
1895,Sekolah Tinggi Ilmu Ekonomi Itmi Medan,1.0
1896,Sekolah Tinggi Ilmu Ekonomi Jakarta International College,3.0
1897,Sekolah Tinggi Ilmu Ekonomi Jambi,10.0
1898,Sekolah Tinggi Ilmu Ekonomi Jaya Negara,7.0
1899,Sekolah Tinggi Ilmu Ekonomi Jayakarta,3.0
1900,Sekolah Tinggi Ilmu Ekonomi Jayakusuma,3.0
1901,Sekolah Tinggi Ilmu Ekonomi Jayakusuma Jakarta,3.0
1902,Sekolah Tinggi Ilmu Ekonomi Jembatan Bulan,14.0
1903,Sekolah Tinggi Ilmu Ekonomi Kalpataru,4.0
1904,Sekolah Tinggi Ilmu Ekonomi Karya,15.0
1905,Sekolah Tinggi Ilmu Ekonomi Kasih Bangsa,3.0
1906,Sekolah Tinggi Ilmu Ekonomi Kbp,10.0
1907,Sekolah Tinggi Ilmu Ekonomi Kertanegara,7.0
1908,Sekolah Tinggi Ilmu Ekonomi Kesatuan,4.0
1909,Sekolah Tinggi Ilmu Ekonomi Kesumanegara,7.0
1910,Sekolah Tinggi Ilmu Ekonomi Kh Ahmad Dahlan,7.0
1911,Sekolah Tinggi Ilmu Ekonomi Koperasi Malang,7.0
1912,Sekolah Tinggi Ilmu Ekonomi Krakatau,2.0
1913,Sekolah Tinggi Ilmu Ekonomi Kridatama Bandung,4.0
1914,Sekolah Tinggi Ilmu Ekonomi Kuala Kapuas,11.0
1915,Sekolah Tinggi Ilmu Ekonomi Kusuma Negara,3.0
1916,Sekolah Tinggi Ilmu Ekonomi La Tansa Mashiro,4.0
1917,Sekolah Tinggi Ilmu Ekonomi Lamaddukelleng,9.0
1918,Sekolah Tinggi Ilmu Ekonomi Lamappapoleonro Soppeng,9.0
1919,Sekolah Tinggi Ilmu Ekonomi Lamappoleonro,9.0
1920,Sekolah Tinggi Ilmu Ekonomi Lampung Timur,2.0
1921,Sekolah Tinggi Ilmu Ekonomi Latifah Mubarokiyah,4.0
1922,Sekolah Tinggi Ilmu Ekonomi Lembah Dempo,2.0
1923,Sekolah Tinggi Ilmu Ekonomi Lhokseumawe,13.0
1924,Sekolah Tinggi Ilmu Ekonomi Lmii,1.0
1925,Sekolah Tinggi Ilmu Ekonomi Lpi Makassar,9.0
1926,Sekolah Tinggi Ilmu Ekonomi Madani Balikpapan,11.0
1927,Sekolah Tinggi Ilmu Ekonomi Mahardhika,7.0
1928,Sekolah Tinggi Ilmu Ekonomi Mah-Eisa,14.0
1929,Sekolah Tinggi Ilmu Ekonomi Mahkota Tricom Unggul,1.0
1930,Sekolah Tinggi Ilmu Ekonomi Makassar Bongaya,9.0
1931,Sekolah Tinggi Ilmu Ekonomi Makassar Maju,9.0
1932,Sekolah Tinggi Ilmu Ekonomi Malangkucecwara,7.0
1933,Sekolah Tinggi Ilmu Ekonomi Manajemen Bisnis Indonesia,3.0
1934,Sekolah Tinggi Ilmu Ekonomi Manajemen Industri Dan Jasa Indonesia,3.0
1935,Sekolah Tinggi Ilmu Ekonomi Mandala,7.0
1936,Sekolah Tinggi Ilmu Ekonomi Mars,1.0
1937,Sekolah Tinggi Ilmu Ekonomi Media Nusantara Citra,3.0
1938,Sekolah Tinggi Ilmu Ekonomi Miftahul Huda,4.0
1939,Sekolah Tinggi Ilmu Ekonomi Miftahul Huda Subang,4.0
1940,Sekolah Tinggi Ilmu Ekonomi Mikroskil,1.0
1941,Sekolah Tinggi Ilmu Ekonomi Mitra Indonesia,5.0
1942,Sekolah Tinggi Ilmu Ekonomi Muara Teweh,11.0
1943,Sekolah Tinggi Ilmu Ekonomi Muhammadiyah Asahan,1.0
1944,Sekolah Tinggi Ilmu Ekonomi Muhammadiyah Bandung,4.0
1945,Sekolah Tinggi Ilmu Ekonomi Muhammadiyah Cilacap,6.0
1946,Sekolah Tinggi Ilmu Ekonomi Muhammadiyah Jakarta,3.0
1947,Sekolah Tinggi Ilmu Ekonomi Muhammadiyah Jambi,10.0
1948,Sekolah Tinggi Ilmu Ekonomi Muhammadiyah Kalianda,2.0
1949,Sekolah Tinggi Ilmu Ekonomi Muhammadiyah Kisaran,1.0
1950,Sekolah Tinggi Ilmu Ekonomi Muhammadiyah Mamuju,9.0
1951,Sekolah Tinggi Ilmu Ekonomi Muhammadiyah Palopo,9.0
1952,Sekolah Tinggi Ilmu Ekonomi Muhammadiyah Pringsewu,2.0
1953,Sekolah Tinggi Ilmu Ekonomi Muhammadiyah Samarinda,11.0
1954,Sekolah Tinggi Ilmu Ekonomi Muhammadiyah Tanjung Redeb,11.0
1955,Sekolah Tinggi Ilmu Ekonomi Muhammadiyah Tuban,7.0
1956,Sekolah Tinggi Ilmu Ekonomi Mujahidin,16.0
1957,Sekolah Tinggi Ilmu Ekonomi Mulia Darma Pratama,2.0
1958,Sekolah Tinggi Ilmu Ekonomi Mulia Pratama,4.0
1959,Sekolah Tinggi Ilmu Ekonomi Mulia Singkawang,11.0
1960,Sekolah Tinggi Ilmu Ekonomi Multi Data Palembang,2.0
1961,Sekolah Tinggi Ilmu Ekonomi Nasional,8.0
1962,Sekolah Tinggi Ilmu Ekonomi Nasional Banjarmasin,11.0
1963,Sekolah Tinggi Ilmu Ekonomi Nasional Indonesia,3.0
1964,Sekolah Tinggi Ilmu Ekonomi Nasional Samarinda,11.0
1965,Sekolah Tinggi Ilmu Ekonomi Nganjuk,7.0
1966,Sekolah Tinggi Ilmu Ekonomi Nobel Indonesia Makassar,9.0
1967,Sekolah Tinggi Ilmu Ekonomi Nu Trate,7.0
1968,Sekolah Tinggi Ilmu Ekonomi Nusa Bangsa,1.0
1969,Sekolah Tinggi Ilmu Ekonomi Nusa Megarkencana,5.0
1970,Sekolah Tinggi Ilmu Ekonomi Nusantara Makassar,9.0
1971,Sekolah Tinggi Ilmu Ekonomi Nusantara Sangatta,11.0
1972,Sekolah Tinggi Ilmu Ekonomi Oemathonis,15.0
1973,Sekolah Tinggi Ilmu Ekonomi Ottow &Amp; Geissler Serui,14.0
1974,Sekolah Tinggi Ilmu Ekonomi Palangka Raya,11.0
1975,Sekolah Tinggi Ilmu Ekonomi Panca Bhakti Palu,16.0
1976,Sekolah Tinggi Ilmu Ekonomi Pancasetia,11.0
1977,Sekolah Tinggi Ilmu Ekonomi Pandu Madania,4.0
1978,Sekolah Tinggi Ilmu Ekonomi Paripurna,4.0
1979,Sekolah Tinggi Ilmu Ekonomi Pariwisata,16.0
1980,Sekolah Tinggi Ilmu Ekonomi Pariwisata Api,5.0
1981,Sekolah Tinggi Ilmu Ekonomi Pariwisata Indonesia,6.0
1982,Sekolah Tinggi Ilmu Ekonomi Pariwisata Manado,16.0
1983,Sekolah Tinggi Ilmu Ekonomi Pariwisata Yapari,4.0
1984,Sekolah Tinggi Ilmu Ekonomi Pasaman,10.0
1985,Sekolah Tinggi Ilmu Ekonomi Pasundan,4.0
1986,Sekolah Tinggi Ilmu Ekonomi Pelita Bangsa,4.0
1987,Sekolah Tinggi Ilmu Ekonomi Pelita Indonesia,10.0
1988,Sekolah Tinggi Ilmu Ekonomi Pelita Nusantara,6.0
1989,Sekolah Tinggi Ilmu Ekonomi Pembangunan Indonesia,9.0
1990,Sekolah Tinggi Ilmu Ekonomi Pembangunan Nasional,1.0
1991,Sekolah Tinggi Ilmu Ekonomi Pembangunan Tanjungpinang,10.0
1992,Sekolah Tinggi Ilmu Ekonomi Pemuda,7.0
1993,Sekolah Tinggi Ilmu Ekonomi Pengembangan Bisnis Dan Manajemen,3.0
1994,Sekolah Tinggi Ilmu Ekonomi Penguji Sukabumi,4.0
1995,Sekolah Tinggi Ilmu Ekonomi Perbanas Surabaya,7.0
1996,Sekolah Tinggi Ilmu Ekonomi Perbankan Indonesia,10.0
1997,Sekolah Tinggi Ilmu Ekonomi Perdagangan,10.0
1998,Sekolah Tinggi Ilmu Ekonomi Persada Bunda,10.0
1999,Sekolah Tinggi Ilmu Ekonomi Pertiba,2.0
2000,Sekolah Tinggi Ilmu Ekonomi Pertiwi,4.0
2001,Sekolah Tinggi Ilmu Ekonomi Petra,16.0
2002,Sekolah Tinggi Ilmu Ekonomi Pgri Dewantara,7.0
2003,Sekolah Tinggi Ilmu Ekonomi Pgri Sukabumi,4.0
2004,Sekolah Tinggi Ilmu Ekonomi Pioner Manado,16.0
2005,Sekolah Tinggi Ilmu Ekonomi Pontianak,11.0
2006,Sekolah Tinggi Ilmu Ekonomi Port Numbay Jayapura,14.0
2007,Sekolah Tinggi Ilmu Ekonomi Ppi,4.0
2008,Sekolah Tinggi Ilmu Ekonomi Prabumulih,2.0
2009,Sekolah Tinggi Ilmu Ekonomi Prasetiya Mandiri Lampung,2.0
2010,Sekolah Tinggi Ilmu Ekonomi Profesional Indonesia,1.0
2011,Sekolah Tinggi Ilmu Ekonomi Professional Manajemen College Indonesia,1.0
2012,Sekolah Tinggi Ilmu Ekonomi Purna Graha,10.0
2013,Sekolah Tinggi Ilmu Ekonomi Putra Bangsa,6.0
2014,Sekolah Tinggi Ilmu Ekonomi Putra Timor,15.0
2015,Sekolah Tinggi Ilmu Ekonomi Ragam Tunas,2.0
2016,Sekolah Tinggi Ilmu Ekonomi Rahmaniyah,2.0
2017,Sekolah Tinggi Ilmu Ekonomi Rajawali,6.0
2018,Sekolah Tinggi Ilmu Ekonomi Riau,10.0
2019,Sekolah Tinggi Ilmu Ekonomi Sabang,13.0
2020,Sekolah Tinggi Ilmu Ekonomi Sailendra,3.0
2021,Sekolah Tinggi Ilmu Ekonomi Sakti Alam Kerinci,10.0
2022,Sekolah Tinggi Ilmu Ekonomi Samarinda,11.0
2023,Sekolah Tinggi Ilmu Ekonomi Sampit,11.0
2024,Sekolah Tinggi Ilmu Ekonomi Santa Ursula,3.0
2025,Sekolah Tinggi Ilmu Ekonomi Satria,6.0
2026,Sekolah Tinggi Ilmu Ekonomi Satu Nusa,2.0
2027,Sekolah Tinggi Ilmu Ekonomi Satya Dharma,8.0
2028,Sekolah Tinggi Ilmu Ekonomi Saumlaki,12.0
2029,Sekolah Tinggi Ilmu Ekonomi Sbi,5.0
2030,Sekolah Tinggi Ilmu Ekonomi Sebelas April,4.0
2031,Sekolah Tinggi Ilmu Ekonomi Semarang,6.0
2032,Sekolah Tinggi Ilmu Ekonomi Serasan Muara Enim,2.0
2033,Sekolah Tinggi Ilmu Ekonomi Serelo Lahat,2.0
2034,Sekolah Tinggi Ilmu Ekonomi St Pignatelli,6.0
2035,Sekolah Tinggi Ilmu Ekonomi St. Pignatelli,6.0
2036,Sekolah Tinggi Ilmu Ekonomi Stan Im,4.0
2037,Sekolah Tinggi Ilmu Ekonomi Stembi,4.0
2038,Sekolah Tinggi Ilmu Ekonomi Stmy,4.0
2039,Sekolah Tinggi Ilmu Ekonomi Sulawesi Utara,16.0
2040,Sekolah Tinggi Ilmu Ekonomi Sultan Agung,1.0
2041,Sekolah Tinggi Ilmu Ekonomi Sumbar,10.0
2042,Sekolah Tinggi Ilmu Ekonomi Surakarta,6.0
2043,Sekolah Tinggi Ilmu Ekonomi Surya Nusantara,1.0
2044,Sekolah Tinggi Ilmu Ekonomi Sutaatmadja,4.0
2045,Sekolah Tinggi Ilmu Ekonomi Swadaya,3.0
2046,Sekolah Tinggi Ilmu Ekonomi Swasta Mandiri,6.0
2047,Sekolah Tinggi Ilmu Ekonomi Syariah Bengkalis,
2048,Sekolah Tinggi Ilmu Ekonomi Syariah Imam Asy Syafii Pekanbaru,
2049,Sekolah Tinggi Ilmu Ekonomi Syariah Nahdlatul Ulama Bengkulu,
2050,Sekolah Tinggi Ilmu Ekonomi Syariah Putera Bangsa Tegal Jawa Tengah,
2051,Sekolah Tinggi Ilmu Ekonomi Taman Siswa,3.0
2052,Sekolah Tinggi Ilmu Ekonomi Tamansiswa,6.0
2053,Sekolah Tinggi Ilmu Ekonomi Tenggarong,11.0
2054,Sekolah Tinggi Ilmu Ekonomi Totalwin,6.0
2055,Sekolah Tinggi Ilmu Ekonomi Tri Bhakti,4.0
2056,Sekolah Tinggi Ilmu Ekonomi Tri Dharma Nusantara,9.0
2057,Sekolah Tinggi Ilmu Ekonomi Tri Dharma Widya,3.0
2058,Sekolah Tinggi Ilmu Ekonomi Trianandra,3.0
2059,Sekolah Tinggi Ilmu Ekonomi Triatma Mulya,8.0
2060,Sekolah Tinggi Ilmu Ekonomi Tribuana,4.0
2061,Sekolah Tinggi Ilmu Ekonomi Tribuana Tambun,4.0
2062,Sekolah Tinggi Ilmu Ekonomi Tricom,1.0
2063,Sekolah Tinggi Ilmu Ekonomi Tridharma,4.0
2064,Sekolah Tinggi Ilmu Ekonomi Triguna,3.0
2065,Sekolah Tinggi Ilmu Ekonomi Trisakti,3.0
2066,Sekolah Tinggi Ilmu Ekonomi Trisna Negara,2.0
2067,Sekolah Tinggi Ilmu Ekonomi Tuah Negeri,10.0
2068,Sekolah Tinggi Ilmu Ekonomi Tunas Nusantara,3.0
2069,Sekolah Tinggi Ilmu Ekonomi Umel,12.0
2070,Sekolah Tinggi Ilmu Ekonomi Unisadhuguna,3.0
2071,Sekolah Tinggi Ilmu Ekonomi Urip Sumohardjo,7.0
2072,Sekolah Tinggi Ilmu Ekonomi Wibawa Karta Raharja,4.0
2073,Sekolah Tinggi Ilmu Ekonomi Widya Dharma,11.0
2074,Sekolah Tinggi Ilmu Ekonomi Widya Dharma Kotamobagu,16.0
2075,Sekolah Tinggi Ilmu Ekonomi Widya Dharma Pontianak,11.0
2076,Sekolah Tinggi Ilmu Ekonomi Widya Gama,7.0
2077,Sekolah Tinggi Ilmu Ekonomi Widya Manggala,6.0
2078,Sekolah Tinggi Ilmu Ekonomi Widya Manggalia,6.0
2079,Sekolah Tinggi Ilmu Ekonomi Widya Persada,3.0
2080,Sekolah Tinggi Ilmu Ekonomi Widya Praja,11.0
2081,Sekolah Tinggi Ilmu Ekonomi Widya Wiwaha,5.0
2082,Sekolah Tinggi Ilmu Ekonomi Wijaya Mulya,6.0
2083,Sekolah Tinggi Ilmu Ekonomi Wira Bhakti,9.0
2084,Sekolah Tinggi Ilmu Ekonomi Wiyatamandala,3.0
2085,Sekolah Tinggi Ilmu Ekonomi Yadika Bangil,7.0
2086,Sekolah Tinggi Ilmu Ekonomi Yai,3.0
2087,Sekolah Tinggi Ilmu Ekonomi Yapan,7.0
2088,Sekolah Tinggi Ilmu Ekonomi Yapi Bone,9.0
2089,Sekolah Tinggi Ilmu Ekonomi Yapis,8.0
2090,Sekolah Tinggi Ilmu Ekonomi Yapis Merauke,14.0
2091,Sekolah Tinggi Ilmu Ekonomi Yapman Majene,9.0
2092,Sekolah Tinggi Ilmu Ekonomi Yapti Jeneponto,9.0
2093,Sekolah Tinggi Ilmu Ekonomi Yasa Anggana,4.0
2094,Sekolah Tinggi Ilmu Ekonomi Yasmi,4.0
2095,Sekolah Tinggi Ilmu Ekonomi Ybpk Palangka Raya,11.0
2096,Sekolah Tinggi Ilmu Ekonomi Ykp,5.0
2097,Sekolah Tinggi Ilmu Ekonomi Ykpn,5.0
2098,Sekolah Tinggi Ilmu Ekonomi Ypbi,3.0
2099,Sekolah Tinggi Ilmu Ekonomi Yphb,13.0
2100,Sekolah Tinggi Ilmu Ekonomi Ypn,4.0
2101,Sekolah Tinggi Ilmu Ekonomi Yppi,6.0
2102,Sekolah Tinggi Ilmu Ekonomi Ypup Makassar,9.0
2103,Sekolah Tinggi Ilmu Farmasi Bhakti Pertiwi,2.0
2104,Sekolah Tinggi Ilmu Farmasi Makassar,
2105,Sekolah Tinggi Ilmu Farmasi Padang,
2106,Sekolah Tinggi Ilmu Farmasi Pelita Mas Palu,
2107,Sekolah Tinggi Ilmu Farmasi Riau,
2108,Sekolah Tinggi Ilmu Farmasi Yayasan Pharmasi,6.0
2109,Sekolah Tinggi Ilmu Fiqih Syeikh Nawawi Tanara Banten,
2110,Sekolah Tinggi Ilmu Hukum Al-Banna,13.0
2111,Sekolah Tinggi Ilmu Hukum Amsir,9.0
2112,Sekolah Tinggi Ilmu Hukum Awang Long,11.0
2113,Sekolah Tinggi Ilmu Hukum Biak-Papua,14.0
2114,Sekolah Tinggi Ilmu Hukum Bintuni,14.0
2115,Sekolah Tinggi Ilmu Hukum Cokroaminoto,9.0
2116,Sekolah Tinggi Ilmu Hukum Damarica Palopo,9.0
2117,Sekolah Tinggi Ilmu Hukum Dan Ham,16.0
2118,Sekolah Tinggi Ilmu Hukum Dan Politik Pelopor Bangsa,4.0
2119,Sekolah Tinggi Ilmu Hukum Deli Sumatera,1.0
2120,Sekolah Tinggi Ilmu Hukum Dharma Andhiga,4.0
2121,Sekolah Tinggi Ilmu Hukum Graha Kirana,1.0
2122,Sekolah Tinggi Ilmu Hukum Gunung Jati,4.0
2123,Sekolah Tinggi Ilmu Hukum Habaring Hurung Sampit,11.0
2124,Sekolah Tinggi Ilmu Hukum Iblam,3.0
2125,Sekolah Tinggi Ilmu Hukum Jenderal Sudirman,7.0
2126,Sekolah Tinggi Ilmu Hukum Kebangsaan Bireuen,13.0
2127,Sekolah Tinggi Ilmu Hukum Lamaddukelleng,9.0
2128,Sekolah Tinggi Ilmu Hukum Lubuk Sikaping,10.0
2129,Sekolah Tinggi Ilmu Hukum Manokwari,14.0
2130,Sekolah Tinggi Ilmu Hukum Muhammad Thaha Tual,12.0
2131,Sekolah Tinggi Ilmu Hukum Muhammadiyah Bima,8.0
2132,Sekolah Tinggi Ilmu Hukum Muhammadiyah Kalianda,2.0
2133,Sekolah Tinggi Ilmu Hukum Muhammadiyah Takengon,13.0
2134,Sekolah Tinggi Ilmu Hukum Nias Selatan,1.0
2135,Sekolah Tinggi Ilmu Hukum Padang,10.0
2136,Sekolah Tinggi Ilmu Hukum Painan,4.0
2137,Sekolah Tinggi Ilmu Hukum Pengayoman,9.0
2138,Sekolah Tinggi Ilmu Hukum Persada Bunda,10.0
2139,Sekolah Tinggi Ilmu Hukum Pertiba Pangkalpinang,2.0
2140,Sekolah Tinggi Ilmu Hukum Prof. Dr. Yohanes Usfunan,
2141,Sekolah Tinggi Ilmu Hukum Rahmaniyah,2.0
2142,Sekolah Tinggi Ilmu Hukum Riau,10.0
2143,Sekolah Tinggi Ilmu Hukum Serasan Muara Enim,2.0
2144,Sekolah Tinggi Ilmu Hukum Soelthan M Tsjafioeddin,11.0
2145,Sekolah Tinggi Ilmu Hukum Sultan Adam,11.0
2146,Sekolah Tinggi Ilmu Hukum Sumpah Pemuda,2.0
2147,Sekolah Tinggi Ilmu Hukum Swadaya,1.0
2148,Sekolah Tinggi Ilmu Hukum Umel Mandiri,14.0
2149,Sekolah Tinggi Ilmu Hukum Zainul Hasan,7.0
2150,Sekolah Tinggi Ilmu Islam Dan Bahasa Arab (STIBA) Makassar,
2151,Sekolah Tinggi Ilmu Kehutanan Pante Kulu,13.0
2152,Sekolah Tinggi Ilmu Keperawatan Gunung Sari Makassar,9.0
2153,Sekolah Tinggi Ilmu Keperawatan Muhammadiyah Pontianak,
2154,Sekolah Tinggi Ilmu Keperawatan Ppni Jawa Barat,
2155,Sekolah Tinggi Ilmu Kepolisian,
2156,Sekolah Tinggi Ilmu Kesehatan Awal Bros Pekanbaru,
2157,Sekolah Tinggi Ilmu Kesehatan Abdi Nusa Pangkalpinang,
2158,Sekolah Tinggi Ilmu Kesehatan Abdi Nusantara,3.0
2159,Sekolah Tinggi Ilmu Kesehatan Abdurahman Palembang,2.0
2160,Sekolah Tinggi Ilmu Kesehatan Achmad Yani,
2161,Sekolah Tinggi Ilmu Kesehatan Achmad Yani Yogya,5.0
2162,Sekolah Tinggi Ilmu Kesehatan Adila,
2163,Sekolah Tinggi Ilmu Kesehatan Advaita Medika Tabanan,8.0
2164,Sekolah Tinggi Ilmu Kesehatan Ahmad Dahlan Cirebon,
2165,Sekolah Tinggi Ilmu Kesehatan Aisyah Pringsewu,2.0
2166,Sekolah Tinggi Ilmu Kesehatan Aisyiyah Bandung,4.0
2167,Sekolah Tinggi Ilmu Kesehatan Aisyiyah Palembang,
2168,Sekolah Tinggi Ilmu Kesehatan Aisyiyah Surakarta,
2169,Sekolah Tinggi Ilmu Kesehatan Akbidyo,
2170,Sekolah Tinggi Ilmu Kesehatan Al - Ma' Arif Baturaja,
2171,Sekolah Tinggi Ilmu Kesehatan Al - Ma'Arif Baturaja,
2172,Sekolah Tinggi Ilmu Kesehatan Al Irsyad Al Islamiyyah Cilacap,6.0
2173,Sekolah Tinggi Ilmu Kesehatan Alifah Padang,
2174,Sekolah Tinggi Ilmu Kesehatan Al-Insyirah Pekanbaru,10.0
2175,Sekolah Tinggi Ilmu Kesehatan Al-Irsyad Al-Islamiyyah Cilacap,
2176,Sekolah Tinggi Ilmu Kesehatan Al-Islam Yogyakarta,
2177,Sekolah Tinggi Ilmu Kesehatan Al-Su'Aibah,
2178,Sekolah Tinggi Ilmu Kesehatan Amanah Makassar,
2179,Sekolah Tinggi Ilmu Kesehatan An Nasher Cirebon,
2180,Sekolah Tinggi Ilmu Kesehatan An-Nur Purwodadi,6.0
2181,Sekolah Tinggi Ilmu Kesehatan Arjuna,1.0
2182,Sekolah Tinggi Ilmu Kesehatan Ar-Rum,
2183,Sekolah Tinggi Ilmu Kesehatan Arta Kabanjahe,
2184,Sekolah Tinggi Ilmu Kesehatan Artha Bodhi Iswara,7.0
2185,Sekolah Tinggi Ilmu Kesehatan Aufa Royhan,1.0
2186,Sekolah Tinggi Ilmu Kesehatan Avicenna,9.0
2187,Sekolah Tinggi Ilmu Kesehatan Awal Bros Batam,10.0
2188,Sekolah Tinggi Ilmu Kesehatan Bahrul Ulum Jombang,
2189,Sekolah Tinggi Ilmu Kesehatan Baiturrahim,
2190,Sekolah Tinggi Ilmu Kesehatan Baiturrahim Jambi,10.0
2191,Sekolah Tinggi Ilmu Kesehatan Bakti Nusantara Gorontalo,
2192,Sekolah Tinggi Ilmu Kesehatan Bakti Tunas Husada,4.0
2193,Sekolah Tinggi Ilmu Kesehatan Bakti Tunas Husada Tasikmalaya,
2194,Sekolah Tinggi Ilmu Kesehatan Bakti Utama Pati,
2195,Sekolah Tinggi Ilmu Kesehatan Bali,
2196,Sekolah Tinggi Ilmu Kesehatan Bali Wisnu Dharma Denpasar,8.0
2197,Sekolah Tinggi Ilmu Kesehatan Bani Saleh,
2198,Sekolah Tinggi Ilmu Kesehatan Banten,4.0
2199,Sekolah Tinggi Ilmu Kesehatan Banyuwangi,7.0
2200,Sekolah Tinggi Ilmu Kesehatan Baramuli,
2201,Sekolah Tinggi Ilmu Kesehatan Bataraguru Soroaka,9.0
2202,Sekolah Tinggi Ilmu Kesehatan Bethesda Yakkum,
2203,Sekolah Tinggi Ilmu Kesehatan Bhakti Al-Qodiri,
2204,Sekolah Tinggi Ilmu Kesehatan Bhakti Husada Bengkulu,
2205,Sekolah Tinggi Ilmu Kesehatan Bhakti Husada Mulia,7.0
2206,Sekolah Tinggi Ilmu Kesehatan Bhakti Husada Mulia Madiun,
2207,Sekolah Tinggi Ilmu Kesehatan Bhakti Kencana Bandung,4.0
2208,Sekolah Tinggi Ilmu Kesehatan Bhakti Mandala Husada,
2209,Sekolah Tinggi Ilmu Kesehatan Bhakti Mandala Husada Slawi,
2210,Sekolah Tinggi Ilmu Kesehatan Bhakti Mulia,7.0
2211,Sekolah Tinggi Ilmu Kesehatan Bhakti Pertiwi Indonesia,
2212,Sekolah Tinggi Ilmu Kesehatan Bhakti Pertiwi Luwu Raya,9.0
2213,Sekolah Tinggi Ilmu Kesehatan Bina Bangsa Majene,
2214,Sekolah Tinggi Ilmu Kesehatan Bina Generasi Polewali Mandar,
2215,Sekolah Tinggi Ilmu Kesehatan Bina Husada,2.0
2216,Sekolah Tinggi Ilmu Kesehatan Bina Mandiri Gorontalo,
2217,Sekolah Tinggi Ilmu Kesehatan Bina Permata Medika,
2218,Sekolah Tinggi Ilmu Kesehatan Bina Putera Banjar,
2219,Sekolah Tinggi Ilmu Kesehatan Bina Putra Banjar,
2220,Sekolah Tinggi Ilmu Kesehatan Bina Sehat Ppni Mojokerto,
2221,Sekolah Tinggi Ilmu Kesehatan Bina Usada Bali,
2222,Sekolah Tinggi Ilmu Kesehatan Binalita Sudama,1.0
2223,Sekolah Tinggi Ilmu Kesehatan Binalita Sudama Medan,
2224,Sekolah Tinggi Ilmu Kesehatan Binawan,3.0
2225,Sekolah Tinggi Ilmu Kesehatan Bogor Husada,4.0
2226,Sekolah Tinggi Ilmu Kesehatan Borneo Cendekia Medika,
2227,Sekolah Tinggi Ilmu Kesehatan Borneo Lestari,
2228,Sekolah Tinggi Ilmu Kesehatan Buana Husada Ponorogo,
2229,Sekolah Tinggi Ilmu Kesehatan Budhi Luhur Cimahi,
2230,Sekolah Tinggi Ilmu Kesehatan Budi Kemuliaan,
2231,Sekolah Tinggi Ilmu Kesehatan Budi Mulia,
2232,Sekolah Tinggi Ilmu Kesehatan Buleleng,
2233,Sekolah Tinggi Ilmu Kesehatan Bumi Persada,
2234,Sekolah Tinggi Ilmu Kesehatan Bustanul Ulum Langsa,
2235,Sekolah Tinggi Ilmu Kesehatan Cahaya Bangsa Banjarmasin,11.0
2236,Sekolah Tinggi Ilmu Kesehatan Cendekia Utama Kudus,
2237,Sekolah Tinggi Ilmu Kesehatan Ceria Buana,10.0
2238,Sekolah Tinggi Ilmu Kesehatan Cirebon,
2239,Sekolah Tinggi Ilmu Kesehatan Citra Delima Bangka Belitung,2.0
2240,Sekolah Tinggi Ilmu Kesehatan Citra Husada Mandiri Kupang,15.0
2241,Sekolah Tinggi Ilmu Kesehatan Cut Nyak Dhien Langsa,13.0
2242,Sekolah Tinggi Ilmu Kesehatan Darmais Padangsidimpuan,
2243,Sekolah Tinggi Ilmu Kesehatan Darul Azhar Batulicin,
2244,Sekolah Tinggi Ilmu Kesehatan Darussalam Lhokseumawe,
2245,Sekolah Tinggi Ilmu Kesehatan Datu Kamanre,
2246,Sekolah Tinggi Ilmu Kesehatan Dehasen,2.0
2247,Sekolah Tinggi Ilmu Kesehatan Delima Persada Gresik,
2248,Sekolah Tinggi Ilmu Kesehatan Dharma Husada,4.0
2249,Sekolah Tinggi Ilmu Kesehatan Dharma Landbouw,
2250,Sekolah Tinggi Ilmu Kesehatan Dian Husada,
2251,Sekolah Tinggi Ilmu Kesehatan Dirgahayu Samarinda,
2252,Sekolah Tinggi Ilmu Kesehatan Dr. Soebandi Jember,
2253,Sekolah Tinggi Ilmu Kesehatan Duta Gama Klaten,6.0
2254,Sekolah Tinggi Ilmu Kesehatan Eka Harap,11.0
2255,Sekolah Tinggi Ilmu Kesehatan Elisabeth,
2256,Sekolah Tinggi Ilmu Kesehatan Estu Utomo,
2257,Sekolah Tinggi Ilmu Kesehatan Faathir Husada,
2258,Sekolah Tinggi Ilmu Kesehatan Faletehan,4.0
2259,Sekolah Tinggi Ilmu Kesehatan Fitrah Aldar Lubuk Linggau,
2260,Sekolah Tinggi Ilmu Kesehatan Flora,1.0
2261,Sekolah Tinggi Ilmu Kesehatan Flora Medan,1.0
2262,Sekolah Tinggi Ilmu Kesehatan Fort De Kock,10.0
2263,Sekolah Tinggi Ilmu Kesehatan Fort De Kock Bukittinggi,
2264,Sekolah Tinggi Ilmu Kesehatan Ganesha Husada Kediri,7.0
2265,Sekolah Tinggi Ilmu Kesehatan Garuda Putih,
2266,Sekolah Tinggi Ilmu Kesehatan Garut,
2267,Sekolah Tinggi Ilmu Kesehatan Gema Insan Akademik Makassar,
2268,Sekolah Tinggi Ilmu Kesehatan Getsempena Lhoksukon,13.0
2269,Sekolah Tinggi Ilmu Kesehatan Graha Edukasi,
2270,Sekolah Tinggi Ilmu Kesehatan Graha Edukasi Makassar,
2271,Sekolah Tinggi Ilmu Kesehatan Graha Mandiri Cilacap,
2272,Sekolah Tinggi Ilmu Kesehatan Graha Medika,
2273,Sekolah Tinggi Ilmu Kesehatan Griya Husada Sumbawa,
2274,Sekolah Tinggi Ilmu Kesehatan Guna Bangsa Yogyakarta,5.0
2275,Sekolah Tinggi Ilmu Kesehatan Gunung Sari,
2276,Sekolah Tinggi Ilmu Kesehatan Hafshawaty Pesantren Zainul Hasan,7.0
2277,Sekolah Tinggi Ilmu Kesehatan Hakli,6.0
2278,Sekolah Tinggi Ilmu Kesehatan Halmahera,12.0
2279,Sekolah Tinggi Ilmu Kesehatan Hamzar Memben Lombok Timur,8.0
2280,Sekolah Tinggi Ilmu Kesehatan Hang Tuah Pekanbaru,10.0
2281,Sekolah Tinggi Ilmu Kesehatan Hang Tuah Surabaya,
2282,Sekolah Tinggi Ilmu Kesehatan Hang Tuah Tanjung Pinang,10.0
2283,Sekolah Tinggi Ilmu Kesehatan Harapan Bangsa,
2284,Sekolah Tinggi Ilmu Kesehatan Harapan Ibu Jambi,10.0
2285,Sekolah Tinggi Ilmu Kesehatan Holistik,
2286,Sekolah Tinggi Ilmu Kesehatan Husada Borneo,
2287,Sekolah Tinggi Ilmu Kesehatan Husada Jombang,
2288,Sekolah Tinggi Ilmu Kesehatan Husada Mandiri Poso,
2289,Sekolah Tinggi Ilmu Kesehatan Hutama Abdi Husada Tulungagung,7.0
2290,Sekolah Tinggi Ilmu Kesehatan Ibnu Sina Ajibarang,
2291,Sekolah Tinggi Ilmu Kesehatan Ibnu Sina Batam,10.0
2292,Sekolah Tinggi Ilmu Kesehatan Ichsan Medical Centre Bintaro,
2293,Sekolah Tinggi Ilmu Kesehatan Ikifa,3.0
2294,Sekolah Tinggi Ilmu Kesehatan Immanuel,
2295,Sekolah Tinggi Ilmu Kesehatan Immanuel Bandung,
2296,Sekolah Tinggi Ilmu Kesehatan Indah Medan,1.0
2297,Sekolah Tinggi Ilmu Kesehatan Indonesia Jaya,16.0
2298,Sekolah Tinggi Ilmu Kesehatan Indonesia Maju,3.0
2299,Sekolah Tinggi Ilmu Kesehatan Indonesia Padang,10.0
2300,Sekolah Tinggi Ilmu Kesehatan Indramayu,
2301,Sekolah Tinggi Ilmu Kesehatan Insan Cendekia Husada Bojonegoro,
2302,Sekolah Tinggi Ilmu Kesehatan Insan Cendekia Medika,
2303,Sekolah Tinggi Ilmu Kesehatan Insan Unggul,7.0
2304,Sekolah Tinggi Ilmu Kesehatan Insan Unggul Surabaya,7.0
2305,Sekolah Tinggi Ilmu Kesehatan Intan Martapura,
2306,Sekolah Tinggi Ilmu Kesehatan Isfi Banjarmasin,
2307,Sekolah Tinggi Ilmu Kesehatan Ist Buton,
2308,Sekolah Tinggi Ilmu Kesehatan Istara Nusantara,3.0
2309,Sekolah Tinggi Ilmu Kesehatan Jayakarta,
2310,Sekolah Tinggi Ilmu Kesehatan Jayapura,
2311,Sekolah Tinggi Ilmu Kesehatan Jenderal Achmad Yani,4.0
2312,Sekolah Tinggi Ilmu Kesehatan Jenderal Ahmad Yani,
2313,Sekolah Tinggi Ilmu Kesehatan Kapuas Raya,11.0
2314,Sekolah Tinggi Ilmu Kesehatan Kapuas Raya Sintang,
2315,Sekolah Tinggi Ilmu Kesehatan Karimun,10.0
2316,Sekolah Tinggi Ilmu Kesehatan Karsa Husada,
2317,Sekolah Tinggi Ilmu Kesehatan Karsa Husada Garut,
2318,Sekolah Tinggi Ilmu Kesehatan Karya Husada Kediri,7.0
2319,Sekolah Tinggi Ilmu Kesehatan Karya Husada Semarang,
2320,Sekolah Tinggi Ilmu Kesehatan Karya Kesehatan,
2321,Sekolah Tinggi Ilmu Kesehatan Karya Putra Bangsa,
2322,Sekolah Tinggi Ilmu Kesehatan Katolik St. Vincentius A Paulo,7.0
2323,Sekolah Tinggi Ilmu Kesehatan Keluarga Bunda Jambi,10.0
2324,Sekolah Tinggi Ilmu Kesehatan Kendal,6.0
2325,Sekolah Tinggi Ilmu Kesehatan Kendedes,7.0
2326,Sekolah Tinggi Ilmu Kesehatan Kepanjen,7.0
2327,Sekolah Tinggi Ilmu Kesehatan Kesdam Iv / Diponegoro,6.0
2328,Sekolah Tinggi Ilmu Kesehatan Kesdam Ix/Udayana,8.0
2329,Sekolah Tinggi Ilmu Kesehatan Kesehatan Baru,
2330,Sekolah Tinggi Ilmu Kesehatan Kesetiakawanan Sosial Indonesia,3.0
2331,Sekolah Tinggi Ilmu Kesehatan Kharisma Karawang,4.0
2332,Sekolah Tinggi Ilmu Kesehatan Kharisma Persada,
2333,Sekolah Tinggi Ilmu Kesehatan Kuningan,
2334,Sekolah Tinggi Ilmu Kesehatan Kuningan Garawangi,
2335,Sekolah Tinggi Ilmu Kesehatan Lakipadada,
2336,Sekolah Tinggi Ilmu Kesehatan Langsa,
2337,Sekolah Tinggi Ilmu Kesehatan Madani Yogyakarta,5.0
2338,Sekolah Tinggi Ilmu Kesehatan Maharani,
2339,Sekolah Tinggi Ilmu Kesehatan Mahardika Cirebon,4.0
2340,Sekolah Tinggi Ilmu Kesehatan Majapahit,
2341,Sekolah Tinggi Ilmu Kesehatan Makassar,
2342,Sekolah Tinggi Ilmu Kesehatan Maluku Husada,12.0
2343,Sekolah Tinggi Ilmu Kesehatan Mandala Waluya Kendari,
2344,Sekolah Tinggi Ilmu Kesehatan Maranatha Kupang,
2345,Sekolah Tinggi Ilmu Kesehatan Marendeng Majene,9.0
2346,Sekolah Tinggi Ilmu Kesehatan Masyarakat Abdi Nusa,
2347,Sekolah Tinggi Ilmu Kesehatan Masyarakat Nusantara,2.0
2348,Sekolah Tinggi Ilmu Kesehatan Mataram,
2349,Sekolah Tinggi Ilmu Kesehatan Medika,
2350,Sekolah Tinggi Ilmu Kesehatan Medika Nurul Islam,13.0
2351,Sekolah Tinggi Ilmu Kesehatan Medika Seramoe Barat,
2352,Sekolah Tinggi Ilmu Kesehatan Medika Teuku Umar,
2353,Sekolah Tinggi Ilmu Kesehatan Medistra,1.0
2354,Sekolah Tinggi Ilmu Kesehatan Medistra Indonesia,3.0
2355,Sekolah Tinggi Ilmu Kesehatan Mega Buana Palopo,9.0
2356,Sekolah Tinggi Ilmu Kesehatan Mega Rezky,9.0
2357,Sekolah Tinggi Ilmu Kesehatan Mega Rezky Makassar,
2358,Sekolah Tinggi Ilmu Kesehatan Merangin,
2359,Sekolah Tinggi Ilmu Kesehatan Mercubaktijaya Padang,
2360,Sekolah Tinggi Ilmu Kesehatan Mitra Adiguna,2.0
2361,Sekolah Tinggi Ilmu Kesehatan Mitra Bunda Persada,10.0
2362,Sekolah Tinggi Ilmu Kesehatan Mitra Bunda Persada Batam,10.0
2363,Sekolah Tinggi Ilmu Kesehatan Mitra Husada Karanganyar,
2364,Sekolah Tinggi Ilmu Kesehatan Mitra Husada Medan,
2365,Sekolah Tinggi Ilmu Kesehatan Mitra Keluarga,
2366,Sekolah Tinggi Ilmu Kesehatan Mitra Keluarga Jakarta,3.0
2367,Sekolah Tinggi Ilmu Kesehatan Mitra Kencana Tasikmalaya,4.0
2368,Sekolah Tinggi Ilmu Kesehatan Mitra Lampung,
2369,Sekolah Tinggi Ilmu Kesehatan Mitra Ria Husada,
2370,Sekolah Tinggi Ilmu Kesehatan Muhammadiyah Aceh,13.0
2371,Sekolah Tinggi Ilmu Kesehatan Muhammadiyah Bojonegoro,
2372,Sekolah Tinggi Ilmu Kesehatan Muhammadiyah Ciamis,4.0
2373,Sekolah Tinggi Ilmu Kesehatan Muhammadiyah Cirebon,
2374,Sekolah Tinggi Ilmu Kesehatan Muhammadiyah Gombong,
2375,Sekolah Tinggi Ilmu Kesehatan Muhammadiyah Kendal,
2376,Sekolah Tinggi Ilmu Kesehatan Muhammadiyah Klaten,6.0
2377,Sekolah Tinggi Ilmu Kesehatan Muhammadiyah Kudus,6.0
2378,Sekolah Tinggi Ilmu Kesehatan Muhammadiyah Lamongan,
2379,Sekolah Tinggi Ilmu Kesehatan Muhammadiyah Lhokseumawe,13.0
2380,Sekolah Tinggi Ilmu Kesehatan Muhammadiyah Manado,
2381,Sekolah Tinggi Ilmu Kesehatan Muhammadiyah Palembang,
2382,Sekolah Tinggi Ilmu Kesehatan Muhammadiyah Pekajangan,
2383,Sekolah Tinggi Ilmu Kesehatan Muhammadiyah Pringsewu,2.0
2384,Sekolah Tinggi Ilmu Kesehatan Muhammadiyah Samarinda,11.0
2385,Sekolah Tinggi Ilmu Kesehatan Muhammadiyah Sidrap,9.0
2386,Sekolah Tinggi Ilmu Kesehatan Murni Teguh,
2387,Sekolah Tinggi Ilmu Kesehatan Mutiara Mahakam Samarinda,11.0
2388,Sekolah Tinggi Ilmu Kesehatan Nahdlatul Ulama Tuban,7.0
2389,Sekolah Tinggi Ilmu Kesehatan Nan Tongga,10.0
2390,Sekolah Tinggi Ilmu Kesehatan Nani Hasanuddin Makassar,
2391,Sekolah Tinggi Ilmu Kesehatan Nasional,
2392,Sekolah Tinggi Ilmu Kesehatan Nauli Husada,
2393,Sekolah Tinggi Ilmu Kesehatan Nauli Husada Sibolga,
2394,Sekolah Tinggi Ilmu Kesehatan Nazhatut Thullab Sampang,7.0
2395,Sekolah Tinggi Ilmu Kesehatan Ngesti Waluyo,
2396,Sekolah Tinggi Ilmu Kesehatan Ngudia Husada Madura,
2397,Sekolah Tinggi Ilmu Kesehatan Notokusumo Yogyakarta,5.0
2398,Sekolah Tinggi Ilmu Kesehatan Nurliana Medan,
2399,Sekolah Tinggi Ilmu Kesehatan Nurul Hasanah Kutacane,13.0
2400,Sekolah Tinggi Ilmu Kesehatan Nurul Jadid,7.0
2401,Sekolah Tinggi Ilmu Kesehatan Nusantara,15.0
2402,Sekolah Tinggi Ilmu Kesehatan Nusantara Jaya,
2403,Sekolah Tinggi Ilmu Kesehatan Paguwarmas Maos Cilacap,
2404,Sekolah Tinggi Ilmu Kesehatan Pamenang,
2405,Sekolah Tinggi Ilmu Kesehatan Panakkukang,9.0
2406,Sekolah Tinggi Ilmu Kesehatan Panca Atma Jaya,
2407,Sekolah Tinggi Ilmu Kesehatan Panca Bhakti,
2408,Sekolah Tinggi Ilmu Kesehatan Panrita Husada Bulukumba,9.0
2409,Sekolah Tinggi Ilmu Kesehatan Panti Kosala,
2410,Sekolah Tinggi Ilmu Kesehatan Panti Rapih,
2411,Sekolah Tinggi Ilmu Kesehatan Panti Rapih Yogyakarta,
2412,Sekolah Tinggi Ilmu Kesehatan Panti Waluya Malang,
2413,Sekolah Tinggi Ilmu Kesehatan Panti Wilasa,6.0
2414,Sekolah Tinggi Ilmu Kesehatan Papua,14.0
2415,Sekolah Tinggi Ilmu Kesehatan Pasapua Ambon,
2416,Sekolah Tinggi Ilmu Kesehatan Patria Husada,7.0
2417,Sekolah Tinggi Ilmu Kesehatan Payung Negeri,10.0
2418,Sekolah Tinggi Ilmu Kesehatan Payung Negeri Aceh Darussalam,
2419,Sekolah Tinggi Ilmu Kesehatan Pekanbaru Medical Center,10.0
2420,Sekolah Tinggi Ilmu Kesehatan Pelamonia Kesdam Vii/Wirabuana,
2421,Sekolah Tinggi Ilmu Kesehatan Pembina Palembang,
2422,Sekolah Tinggi Ilmu Kesehatan Pemkab Jombang,
2423,Sekolah Tinggi Ilmu Kesehatan Perintis Padang,
2424,Sekolah Tinggi Ilmu Kesehatan Persada Husada Indonesia,3.0
2425,Sekolah Tinggi Ilmu Kesehatan Pertamedika,
2426,Sekolah Tinggi Ilmu Kesehatan Piala Sakti Pariaman,10.0
2427,Sekolah Tinggi Ilmu Kesehatan Pku Muhammadiyah Surakarta,
2428,Sekolah Tinggi Ilmu Kesehatan Prima Nusantara,10.0
2429,Sekolah Tinggi Ilmu Kesehatan Puangrimanggalatung,
2430,Sekolah Tinggi Ilmu Kesehatan Purna Bhakti Husada Batusangkar,
2431,Sekolah Tinggi Ilmu Kesehatan Putra Abadi Langkat,1.0
2432,Sekolah Tinggi Ilmu Kesehatan Qamarul Huda,8.0
2433,Sekolah Tinggi Ilmu Kesehatan Raflesia,
2434,Sekolah Tinggi Ilmu Kesehatan Rajawali,
2435,Sekolah Tinggi Ilmu Kesehatan Rajekwesi Bojonegoro,
2436,Sekolah Tinggi Ilmu Kesehatan Ranah Minang,10.0
2437,Sekolah Tinggi Ilmu Kesehatan Respati Tasikmalaya,4.0
2438,Sekolah Tinggi Ilmu Kesehatan Rs Haji Medan,1.0
2439,Sekolah Tinggi Ilmu Kesehatan Rs Husada,3.0
2440,Sekolah Tinggi Ilmu Kesehatan Rspad Gatot Soebroto,
2441,Sekolah Tinggi Ilmu Kesehatan Rumah Sakit Anwar Medika,
2442,Sekolah Tinggi Ilmu Kesehatan Sakinah Husada Tanjung Balai,
2443,Sekolah Tinggi Ilmu Kesehatan Salewangan Maros,9.0
2444,Sekolah Tinggi Ilmu Kesehatan Salsabila Serang,
2445,Sekolah Tinggi Ilmu Kesehatan Samarinda,
2446,Sekolah Tinggi Ilmu Kesehatan Santa Elisabeth Medan,1.0
2447,Sekolah Tinggi Ilmu Kesehatan Santo Borromeus,4.0
2448,Sekolah Tinggi Ilmu Kesehatan Santu Paulus Ruteng,
2449,Sekolah Tinggi Ilmu Kesehatan Sapta Bakti,2.0
2450,Sekolah Tinggi Ilmu Kesehatan Sari Mulia,11.0
2451,Sekolah Tinggi Ilmu Kesehatan Satria Bhakti Nganjuk,7.0
2452,Sekolah Tinggi Ilmu Kesehatan Sebelas April Sumedang,4.0
2453,Sekolah Tinggi Ilmu Kesehatan Sehat Medan,1.0
2454,Sekolah Tinggi Ilmu Kesehatan Senior Medan,1.0
2455,Sekolah Tinggi Ilmu Kesehatan Serulingmas,
2456,Sekolah Tinggi Ilmu Kesehatan Sint Carolus,3.0
2457,Sekolah Tinggi Ilmu Kesehatan Sismadi,
2458,Sekolah Tinggi Ilmu Kesehatan Siti Hajar,1.0
2459,Sekolah Tinggi Ilmu Kesehatan Siti Khadijah,
2460,Sekolah Tinggi Ilmu Kesehatan St. Fatimah,
2461,Sekolah Tinggi Ilmu Kesehatan Stella Maris,
2462,Sekolah Tinggi Ilmu Kesehatan Suaka Insan,
2463,Sekolah Tinggi Ilmu Kesehatan Sukabumi,
2464,Sekolah Tinggi Ilmu Kesehatan Sumatera Utara,
2465,Sekolah Tinggi Ilmu Kesehatan Surabaya,7.0
2466,Sekolah Tinggi Ilmu Kesehatan Surya Global,
2467,Sekolah Tinggi Ilmu Kesehatan Surya Mitra Husada Kediri,
2468,Sekolah Tinggi Ilmu Kesehatan Syedza Saintika,
2469,Sekolah Tinggi Ilmu Kesehatan Syedza Saintika Padang,
2470,Sekolah Tinggi Ilmu Kesehatan Syuhada Padangsidimpuan,
2471,Sekolah Tinggi Ilmu Kesehatan Tamalatea Makassar,
2472,Sekolah Tinggi Ilmu Kesehatan Tana Toraja,9.0
2473,Sekolah Tinggi Ilmu Kesehatan Tanawali Persada,
2474,Sekolah Tinggi Ilmu Kesehatan Tarumanagara,
2475,Sekolah Tinggi Ilmu Kesehatan Telogorejo Semarang,6.0
2476,Sekolah Tinggi Ilmu Kesehatan Tengku Maharatu,10.0
2477,Sekolah Tinggi Ilmu Kesehatan Tri Mandiri Sakti Bengkulu,2.0
2478,Sekolah Tinggi Ilmu Kesehatan Tujuh Belas,
2479,Sekolah Tinggi Ilmu Kesehatan Widya Cipta Husada,
2480,Sekolah Tinggi Ilmu Kesehatan Widya Dharma Husada Tangerang,4.0
2481,Sekolah Tinggi Ilmu Kesehatan Widya Husada,6.0
2482,Sekolah Tinggi Ilmu Kesehatan Widya Husada Medan,
2483,Sekolah Tinggi Ilmu Kesehatan Widya Nusantara,
2484,Sekolah Tinggi Ilmu Kesehatan Widya Nusantara Palu,
2485,Sekolah Tinggi Ilmu Kesehatan Widyagama Husada,
2486,Sekolah Tinggi Ilmu Kesehatan Widyagama Husada Malang,
2487,Sekolah Tinggi Ilmu Kesehatan Wijaya Husada Bogor,
2488,Sekolah Tinggi Ilmu Kesehatan William Booth,7.0
2489,Sekolah Tinggi Ilmu Kesehatan Wira Husada,5.0
2490,Sekolah Tinggi Ilmu Kesehatan Wira Medika Bali,
2491,Sekolah Tinggi Ilmu Kesehatan Wiyata Husada Samarinda,11.0
2492,Sekolah Tinggi Ilmu Kesehatan Yahya Bima,8.0
2493,Sekolah Tinggi Ilmu Kesehatan Yapika Makassar,9.0
2494,Sekolah Tinggi Ilmu Kesehatan Yarsi Mataram,8.0
2495,Sekolah Tinggi Ilmu Kesehatan Yarsi Pontianak,11.0
2496,Sekolah Tinggi Ilmu Kesehatan Yarsi Sumatera Barat,10.0
2497,Sekolah Tinggi Ilmu Kesehatan Yatsi,
2498,Sekolah Tinggi Ilmu Kesehatan Yayasan Rs Dr. Soetomo,7.0
2499,Sekolah Tinggi Ilmu Kesehatan Yogyakarta,5.0
2500,Sekolah Tinggi Ilmu Kesehatan Ypak Padang,
2501,Sekolah Tinggi Ilmu Kesehatan Ypib,4.0
2502,Sekolah Tinggi Ilmu Kesejahteraan Sosial Manado,16.0
2503,Sekolah Tinggi Ilmu Komputer Al-Khairiyah,4.0
2504,Sekolah Tinggi Ilmu Komputer Ambon,12.0
2505,Sekolah Tinggi Ilmu Komputer Binaniaga,4.0
2506,Sekolah Tinggi Ilmu Komputer Dinamika Bangsa,10.0
2507,Sekolah Tinggi Ilmu Komputer El Rahma,4.0
2508,Sekolah Tinggi Ilmu Komputer Medan,1.0
2509,Sekolah Tinggi Ilmu Komputer Muhammadiyah Batam,10.0
2510,Sekolah Tinggi Ilmu Komputer Pelita Indonesia,10.0
2511,Sekolah Tinggi Ilmu Komputer Pgri Banyuwangi,7.0
2512,Sekolah Tinggi Ilmu Komputer POLTEK Cirebon,4.0
2513,Sekolah Tinggi Ilmu Komputer Rajawali,16.0
2514,Sekolah Tinggi Ilmu Komputer Yos Sudarso,6.0
2515,Sekolah Tinggi Ilmu Komunikasi,6.0
2516,Sekolah Tinggi Ilmu Komunikasi Aws,7.0
2517,Sekolah Tinggi Ilmu Komunikasi Bandung,4.0
2518,Sekolah Tinggi Ilmu Komunikasi Dan Sekretari Tarakanita,3.0
2519,Sekolah Tinggi Ilmu Komunikasi Indonesia Maju,3.0
2520,Sekolah Tinggi Ilmu Komunikasi Inter Studi,3.0
2521,Sekolah Tinggi Ilmu Komunikasi Itkp,3.0
2522,Sekolah Tinggi Ilmu Komunikasi LSPR,3.0
2523,Sekolah Tinggi Ilmu Komunikasi Mahakam,11.0
2524,Sekolah Tinggi Ilmu Komunikasi Pembangunan,1.0
2525,Sekolah Tinggi Ilmu Komunikasi Profesi Indonesia,3.0
2526,Sekolah Tinggi Ilmu Komunikasi Yogyakarta,5.0
2527,Sekolah Tinggi Ilmu Manajemen,13.0
2528,Sekolah Tinggi Ilmu Manajemen Budi Bakti,4.0
2529,Sekolah Tinggi Ilmu Manajemen Dan Bisnis Gorontalo,16.0
2530,Sekolah Tinggi Ilmu Manajemen Dan Ilmu Komputer Esq,3.0
2531,Sekolah Tinggi Ilmu Manajemen Handayani,8.0
2532,Sekolah Tinggi Ilmu Manajemen Indonesia Banjarmasin,11.0
2533,Sekolah Tinggi Ilmu Manajemen Indonesia Yapmi,9.0
2534,Sekolah Tinggi Ilmu Manajemen Informatika &Amp; Teknik Komputer Agamua Wamena Papua,14.0
2535,Sekolah Tinggi Ilmu Manajemen Informatika Dan Komputer Sepuluh Nopember Jayapura,14.0
2536,Sekolah Tinggi Ilmu Manajemen Lasharan Jaya Makassar,9.0
2537,Sekolah Tinggi Ilmu Manajemen Lpi Makassar,9.0
2538,Sekolah Tinggi Ilmu Manajemen Nitro Makassar,9.0
2539,Sekolah Tinggi Ilmu Manajemen Pase,13.0
2540,Sekolah Tinggi Ilmu Manajemen Prima Graha,4.0
2541,Sekolah Tinggi Ilmu Manajemen Publik Makassar,9.0
2542,Sekolah Tinggi Ilmu Manajemen Saint Mary,3.0
2543,Sekolah Tinggi Ilmu Manajemen Shanti Bhuana,11.0
2544,Sekolah Tinggi Ilmu Manajemen Sukma,1.0
2545,Sekolah Tinggi Ilmu Manajemen Ykpn,5.0
2546,Sekolah Tinggi Ilmu Maritim Ami,3.0
2547,Sekolah Tinggi Ilmu Maritim Mutiara Jaya,2.0
2548,Sekolah Tinggi Ilmu Maritim Mutiara Jaya Lampung,2.0
2549,Sekolah Tinggi Ilmu Pariwisata Manado,16.0
2550,Sekolah Tinggi Ilmu Pelayaran Jakarta,
2551,Sekolah Tinggi Ilmu Pemerintahan Abdi Negara,3.0
2552,Sekolah Tinggi Ilmu Pendidikan Bunga Bangsa,11.0
2553,Sekolah Tinggi Ilmu Pendidikan Islam Maghfirah Bina Umat,
2554,Sekolah Tinggi Ilmu Perbankan Syariah Al-Ma'Soem Bandung,
2555,Sekolah Tinggi Ilmu Perikanan Malang,7.0
2556,Sekolah Tinggi Ilmu Pertanian Agrobisnis Perkebunan,1.0
2557,Sekolah Tinggi Ilmu Pertanian Amuntai,11.0
2558,Sekolah Tinggi Ilmu Pertanian Belitang,2.0
2559,Sekolah Tinggi Ilmu Pertanian Berau,11.0
2560,Sekolah Tinggi Ilmu Pertanian Dharma Wacana,2.0
2561,Sekolah Tinggi Ilmu Pertanian Farming,6.0
2562,Sekolah Tinggi Ilmu Pertanian Kendari,9.0
2563,Sekolah Tinggi Ilmu Pertanian Mujahidin Toli-Toli,16.0
2564,Sekolah Tinggi Ilmu Pertanian Petra Baliem Wamena,14.0
2565,Sekolah Tinggi Ilmu Pertanian Puangrimanggalatung,9.0
2566,Sekolah Tinggi Ilmu Pertanian Rejang Lebong,2.0
2567,Sekolah Tinggi Ilmu Pertanian Sriwigama,2.0
2568,Sekolah Tinggi Ilmu Pertanian Surya Dharma,2.0
2569,Sekolah Tinggi Ilmu Pertanian Wuna Raha,9.0
2570,Sekolah Tinggi Ilmu Pertanian Yapi Bone,9.0
2571,Sekolah Tinggi Ilmu Pertanian Yashafa,13.0
2572,Sekolah Tinggi Ilmu Psikologi Harapan Bangsa,13.0
2573,Sekolah Tinggi Ilmu Qur`An (Stiq) Amuntai,
2574,Sekolah Tinggi Ilmu Shuffah Al-Qur'An Abdullah Bin Mas'Ud Online Lampung Selatan,
2575,Sekolah Tinggi Ilmu Sosial Dan Ilmu Politik 17-8-1945 Makassar,9.0
2576,Sekolah Tinggi Ilmu Sosial Dan Ilmu Politik Al-Washliyah,13.0
2577,Sekolah Tinggi Ilmu Sosial Dan Ilmu Politik Amal Ilmiah Yapis Wamena,14.0
2578,Sekolah Tinggi Ilmu Sosial Dan Ilmu Politik Banten Raya,4.0
2579,Sekolah Tinggi Ilmu Sosial Dan Ilmu Politik Bina Putera Banjar,4.0
2580,Sekolah Tinggi Ilmu Sosial Dan Ilmu Politik Candradimuka,2.0
2581,Sekolah Tinggi Ilmu Sosial Dan Ilmu Politik Dharma Wacana,2.0
2582,Sekolah Tinggi Ilmu Sosial Dan Ilmu Politik Imam Bonjol,10.0
2583,Sekolah Tinggi Ilmu Sosial Dan Ilmu Politik Kartika Bangsa,5.0
2584,Sekolah Tinggi Ilmu Sosial Dan Ilmu Politik Muhammadiyah Sinjai,9.0
2585,Sekolah Tinggi Ilmu Sosial Dan Ilmu Politik Panca Bhakti Palu,16.0
2586,Sekolah Tinggi Ilmu Sosial Dan Ilmu Politik Persada Bunda,10.0
2587,Sekolah Tinggi Ilmu Sosial Dan Ilmu Politik Raja Haji,10.0
2588,Sekolah Tinggi Ilmu Sosial Dan Ilmu Politik Widuri,3.0
2589,Sekolah Tinggi Ilmu Sosial Dan Ilmu Politik Widyapuri Mandiri,4.0
2590,Sekolah Tinggi Ilmu Sosial Dan Ilmu Politik Yaleka Maro,14.0
2591,Sekolah Tinggi Ilmu Sosial Dan Politik Fajar Timur,15.0
2592,Sekolah Tinggi Ilmu Sosial Dan Politik Mbojo,8.0
2593,Sekolah Tinggi Ilmu Sosial Dan Politik Veteran Palopo,9.0
2594,Sekolah Tinggi Ilmu Sosial Politik Wira Bhakti,8.0
2595,Sekolah Tinggi Ilmu Syari`Ah Al-Aziziyah Sabang,
2596,Sekolah Tinggi Ilmu Syari`Ah Al-Ittihad Bima,
2597,Sekolah Tinggi Ilmu Syari`Ah Darul Ulum Lampung Timur,
2598,Sekolah Tinggi Ilmu Syari`Ah Dayah Amal,
2599,Sekolah Tinggi Ilmu Syari`Ah Hidayatullah,
2600,Sekolah Tinggi Ilmu Syari`Ah Miftahul Ulum Lumajang,
2601,Sekolah Tinggi Ilmu Syari`Ah Nahdlatul Ulama Cianjur,
2602,Sekolah Tinggi Ilmu Syari`Ah Syarif Abdurrahman Pontianak,
2603,Sekolah Tinggi Ilmu Syari`Ah Wal Aqidah Ash-Shofa Manonjaya,
2604,Sekolah Tinggi Ilmu Syariah (STIS) Al-Manar,
2605,Sekolah Tinggi Ilmu Syari'Ah (STIS) Muhammadiyah Pringsewu,
2606,Sekolah Tinggi Ilmu Syariah (STIS) Nurud Dhalam,
2607,Sekolah Tinggi Ilmu Syariah (STIS) Ummul Ayman Pidie Jaya,
2608,Sekolah Tinggi Ilmu Syariah Abu Zairi Bondowoso Jawa Timur,
2609,Sekolah Tinggi Ilmu Syariah Al Wafa,
2610,Sekolah Tinggi Ilmu Syariah As Salafiyah Sumber Duko,
2611,Sekolah Tinggi Ilmu Syari'Ah Darul Falah Bondowoso Jawa Timur,
2612,Sekolah Tinggi Ilmu Syari'Ah Darussalam Bermi,
2613,Sekolah Tinggi Ilmu Syariah Darusy Syafa'Ah Lampung Tengah,
2614,Sekolah Tinggi Ilmu Syariah Husnul Khotimah (Stishk) Kuningan,
2615,Sekolah Tinggi Ilmu Syariah Nahdlatul Ulama (Stisnu) Nusantara Tangerang,
2616,Sekolah Tinggi Ilmu Syari'Ah Nahdlatul Ulama Aceh,
2617,Sekolah Tinggi Ilmu Syariah Sayid Mohammad Alawi Al Maliki Bondowoso Jawa Timur,
2618,Sekolah Tinggi Ilmu Syari'Ah Sultan Fatah,
2619,Sekolah Tinggi Ilmu Tarbiyah (Stit) Al-Chaeriyah Mamuju Sulawesi Barat,
2620,Sekolah Tinggi Ilmu Tarbiyah (Stit) Islamiyah Nusa Tenggara Barat,
2621,Sekolah Tinggi Ilmu Tarbiyah (Stit) Mumtaz,
2622,Sekolah Tinggi Ilmu Tarbiyah Ad-Da`Wah Rangkasbitung,
2623,Sekolah Tinggi Ilmu Tarbiyah Agus Salim Metro Lampung,
2624,Sekolah Tinggi Ilmu Tarbiyah Ahlusunah Bukittinggi,
2625,Sekolah Tinggi Ilmu Tarbiyah Al Bukhary Labuhan Batu,
2626,Sekolah Tinggi Ilmu Tarbiyah Al Hikmah Bumi Agung Way Kanan,
2627,Sekolah Tinggi Ilmu Tarbiyah Al Hilal Sigli,
2628,Sekolah Tinggi Ilmu Tarbiyah Al Karimiyah,
2629,Sekolah Tinggi Ilmu Tarbiyah Al- Kifayah Riau,
2630,Sekolah Tinggi Ilmu Tarbiyah Al Mubarok Bandar Mataram,
2631,Sekolah Tinggi Ilmu Tarbiyah Al-Azhar Diniyah,
2632,Sekolah Tinggi Ilmu Tarbiyah Al-Fattah Siman,
2633,Sekolah Tinggi Ilmu Tarbiyah Al-Hikmah Tebing Tinggi,
2634,Sekolah Tinggi Ilmu Tarbiyah Al-Ihsan Baleendah Bandung Jawa Barat,
2635,Sekolah Tinggi Ilmu Tarbiyah Al-Marhalah Al-Ulya Bekasi,
2636,Sekolah Tinggi Ilmu Tarbiyah Al-Multazam,
2637,Sekolah Tinggi Ilmu Tarbiyah Al-Muslihuun,
2638,Sekolah Tinggi Ilmu Tarbiyah Al-Quraniyah Manna,
2639,Sekolah Tinggi Ilmu Tarbiyah Al-Urwatul Wutsqo,
2640,Sekolah Tinggi Ilmu Tarbiyah Aqidah Usymuni,
2641,Sekolah Tinggi Ilmu Tarbiyah Ar-Raudhah,
2642,Sekolah Tinggi Ilmu Tarbiyah Ar-Risalah Inhil Riau,
2643,Sekolah Tinggi Ilmu Tarbiyah Bustanul Arifin,
2644,Sekolah Tinggi Ilmu Tarbiyah Darul Fatah,
2645,Sekolah Tinggi Ilmu Tarbiyah Darul Fattah,
2646,Sekolah Tinggi Ilmu Tarbiyah Darul Ulum Kotabaru,
2647,Sekolah Tinggi Ilmu Tarbiyah Darul Ulum Sarolangun Jambi,
2648,Sekolah Tinggi Ilmu Tarbiyah Darussalamah Pidie Banda Aceh,
2649,Sekolah Tinggi Ilmu Tarbiyah Ddi Pasangkayu,
2650,Sekolah Tinggi Ilmu Tarbiyah Diniyyah Putri Rakmat Elyunusiyyah Padang Panjang,
2651,Sekolah Tinggi Ilmu Tarbiyah Hidayatullah Batam Kepulauan Riau,
2652,Sekolah Tinggi Ilmu Tarbiyah Ibnu Khaldun Nunukan,
2653,Sekolah Tinggi Ilmu Tarbiyah Ibnu Sina Malang,
2654,Sekolah Tinggi Ilmu Tarbiyah Insida,
2655,Sekolah Tinggi Ilmu Tarbiyah Kabupaten Tebo,
2656,Sekolah Tinggi Ilmu Tarbiyah Kupang,
2657,Sekolah Tinggi Ilmu Tarbiyah Lingga Kepulauan Riau,
2658,Sekolah Tinggi Ilmu Tarbiyah Madani Yogyakarta,
2659,Sekolah Tinggi Ilmu Tarbiyah Makhdum Ibrahim Tuban,
2660,Sekolah Tinggi Ilmu Tarbiyah Makrifatul Ilmi Bengkulu Selatan,
2661,Sekolah Tinggi Ilmu Tarbiyah Mamba'Ul Ulum Jambi,
2662,Sekolah Tinggi Ilmu Tarbiyah Misbahul Ulum Gumawang,
2663,Sekolah Tinggi Ilmu Tarbiyah Muara Enim,
2664,Sekolah Tinggi Ilmu Tarbiyah Muhammadiyah Aceh Barat Daya,
2665,Sekolah Tinggi Ilmu Tarbiyah Muhammadiyah Paciran,
2666,Sekolah Tinggi Ilmu Tarbiyah Muhammadiyah Tanjung Redeb,
2667,Sekolah Tinggi Ilmu Tarbiyah Muslim Asia Afrika Jakarta,
2668,Sekolah Tinggi Ilmu Tarbiyah Nahdlatul Ulama (Stitnu) Al-Farabi Pangandaran,
2669,Sekolah Tinggi Ilmu Tarbiyah Nahdlatul Ulama Sakinah Dharmasraya,
2670,Sekolah Tinggi Ilmu Tarbiyah Nahdlatul Ulama Sumber Agung Oku Timur,
2671,Sekolah Tinggi Ilmu Tarbiyah Nusantara Bekasi,
2672,Sekolah Tinggi Ilmu Tarbiyah Payakumbuh,
2673,Sekolah Tinggi Ilmu Tarbiyah Pgri Pasuruan,
2674,Sekolah Tinggi Ilmu Tarbiyah Qurrota Ayun,
2675,Sekolah Tinggi Ilmu Tarbiyah Raden Santri Gresik,
2676,Sekolah Tinggi Ilmu Tarbiyah Rakeyan Santang Karawang Jawa Barat,
2677,Sekolah Tinggi Ilmu Tarbiyah Sirojul Falah Bogor,
2678,Sekolah Tinggi Ilmu Tarbiyah Syamsuddhuha Aceh Utara Banda Aceh,
2679,Sekolah Tinggi Ilmu Tarbiyah Syekh Muhammad Nafis,
2680,Sekolah Tinggi Ilmu Tarbiyah Togo Ambarsari Bondowoso Jawa Timur,
2681,Sekolah Tinggi Ilmu Tarbiyah Tunas Bangsa Banjarnegara Jawa Tengah,
2682,Sekolah Tinggi Ilmu Tarbiyah Ypi Lahat,
2683,Sekolah Tinggi Ilmu Teknik Bina Putra,4.0
2684,Sekolah Tinggi Ilmu Teknik Prabumulih,2.0
2685,Sekolah Tinggi Ilmu Teknik Serasan,2.0
2686,Sekolah Tinggi Ilmu Teknik Trisula,2.0
2687,Sekolah Tinggi Ilmu Ushuluddin Darul Quran,
2688,Sekolah Tinggi Ilmu Ushuluddin Darussalam,
2689,Sekolah Tinggi Ilmu Ushuluddin Masjid Al Akbar Surabaya Jawa Timur,
2690,Sekolah Tinggi Ilmu Ushuluddin Wadi Mubarak Bogor Jawa Barat,
2691,Sekolah Tinggi Ilmu-Ilmu Sosial (STIS) Tual,12.0
2692,Sekolah Tinggi Informatika Komputer Artha Buana,15.0
2693,Sekolah Tinggi Intelijen Negara,
2694,Sekolah Tinggi Internasional Konservatori Musik Indonesia,3.0
2695,Sekolah Tinggi Islam Al-Mukmin Ngruki Cemani Sukoharjo,
2696,Sekolah Tinggi Islam Blambangan Banyuwangi,
2697,Sekolah Tinggi Islam Kendal,
2698,Sekolah Tinggi Katolik Seminari Santo Yohanes Salib,
2699,Sekolah Tinggi Keguruan Dan Ilmu Pendidikan Agama Hindu Singaraja,8.0
2700,Sekolah Tinggi Keguruan Dan Ilmu Pendidikan Ahlussunnah,10.0
2701,Sekolah Tinggi Keguruan Dan Ilmu Pendidikan Al Hikmah Surabaya,7.0
2702,Sekolah Tinggi Keguruan Dan Ilmu Pendidikan Al Islam Tunas Bangsa Bandar Lampung,2.0
2703,Sekolah Tinggi Keguruan Dan Ilmu Pendidikan Al Maksum,1.0
2704,Sekolah Tinggi Keguruan Dan Ilmu Pendidikan Al-Amin Indramayu,4.0
2705,Sekolah Tinggi Keguruan Dan Ilmu Pendidikan Amal Bakti,1.0
2706,Sekolah Tinggi Keguruan Dan Ilmu Pendidikan Andi Mattappa,9.0
2707,Sekolah Tinggi Keguruan Dan Ilmu Pendidikan An-Nur Nanggroe Aceh,13.0
2708,Sekolah Tinggi Keguruan Dan Ilmu Pendidikan Arrahmaniyah,4.0
2709,Sekolah Tinggi Keguruan Dan Ilmu Pendidikan Banten,4.0
2710,Sekolah Tinggi Keguruan Dan Ilmu Pendidikan Biak,14.0
2711,Sekolah Tinggi Keguruan Dan Ilmu Pendidikan Bima,8.0
2712,Sekolah Tinggi Keguruan Dan Ilmu Pendidikan Bina Bangsa Getsempena,13.0
2713,Sekolah Tinggi Keguruan Dan Ilmu Pendidikan Bina Insan Mandiri,7.0
2714,Sekolah Tinggi Keguruan Dan Ilmu Pendidikan Bina Mutiara,4.0
2715,Sekolah Tinggi Keguruan Dan Ilmu Pendidikan Bina Mutiara Sukabumi,4.0
2716,Sekolah Tinggi Keguruan Dan Ilmu Pendidikan Budi Daya Binjai,1.0
2717,Sekolah Tinggi Keguruan Dan Ilmu Pendidikan Catur Sakti,5.0
2718,Sekolah Tinggi Keguruan Dan Ilmu Pendidikan Citra Bakti,15.0
2719,Sekolah Tinggi Keguruan Dan Ilmu Pendidikan Citra Bina Nusantara,15.0
2720,Sekolah Tinggi Keguruan Dan Ilmu Pendidikan Cokroaminoto Pinrang,9.0
2721,Sekolah Tinggi Keguruan Dan Ilmu Pendidikan Darud Da`Wah Wal Irsyad Pinrang,9.0
2722,Sekolah Tinggi Keguruan Dan Ilmu Pendidikan Dharma Wacana Metro,2.0
2723,Sekolah Tinggi Keguruan Dan Ilmu Pendidikan Gotong Royong Masohi,12.0
2724,Sekolah Tinggi Keguruan Dan Ilmu Pendidikan Insan Madani Airmolek,10.0
2725,Sekolah Tinggi Keguruan Dan Ilmu Pendidikan Invada Cirebon,4.0
2726,Sekolah Tinggi Keguruan Dan Ilmu Pendidikan Ita Wotu Nusa,12.0
2727,Sekolah Tinggi Keguruan Dan Ilmu Pendidikan Kie Raha,12.0
2728,Sekolah Tinggi Keguruan Dan Ilmu Pendidikan Kumala Lampung,2.0
2729,Sekolah Tinggi Keguruan Dan Ilmu Pendidikan Labuhan Batu,1.0
2730,Sekolah Tinggi Keguruan Dan Ilmu Pendidikan Media Nusantara Citra,3.0
2731,Sekolah Tinggi Keguruan Dan Ilmu Pendidikan Melawi,11.0
2732,Sekolah Tinggi Keguruan Dan Ilmu Pendidikan Meranti,10.0
2733,Sekolah Tinggi Keguruan Dan Ilmu Pendidikan Modern Ngawi,7.0
2734,Sekolah Tinggi Keguruan Dan Ilmu Pendidikan Muhammadiyah Aceh Barat Daya,13.0
2735,Sekolah Tinggi Keguruan Dan Ilmu Pendidikan Muhammadiyah Bangka Belitung,2.0
2736,Sekolah Tinggi Keguruan Dan Ilmu Pendidikan Muhammadiyah Batang,6.0
2737,Sekolah Tinggi Keguruan Dan Ilmu Pendidikan Muhammadiyah Bogor,4.0
2738,Sekolah Tinggi Keguruan Dan Ilmu Pendidikan Muhammadiyah Bone,9.0
2739,Sekolah Tinggi Keguruan Dan Ilmu Pendidikan Muhammadiyah Bulukumba,9.0
2740,Sekolah Tinggi Keguruan Dan Ilmu Pendidikan Muhammadiyah Enrekang,9.0
2741,Sekolah Tinggi Keguruan Dan Ilmu Pendidikan Muhammadiyah Kotabumi,2.0
2742,Sekolah Tinggi Keguruan Dan Ilmu Pendidikan Muhammadiyah Kuningan,4.0
2743,Sekolah Tinggi Keguruan Dan Ilmu Pendidikan Muhammadiyah Manokwari,14.0
2744,Sekolah Tinggi Keguruan Dan Ilmu Pendidikan Muhammadiyah Pagaralam,2.0
2745,Sekolah Tinggi Keguruan Dan Ilmu Pendidikan Muhammadiyah Pringsewu,2.0
2746,Sekolah Tinggi Keguruan Dan Ilmu Pendidikan Muhammadiyah Rappang,9.0
2747,Sekolah Tinggi Keguruan Dan Ilmu Pendidikan Muhammadiyah Sorong,14.0
2748,Sekolah Tinggi Keguruan Dan Ilmu Pendidikan Muhammadiyah Sungai Penuh,10.0
2749,Sekolah Tinggi Keguruan Dan Ilmu Pendidikan Nurul Huda,2.0
2750,Sekolah Tinggi Keguruan Dan Ilmu Pendidikan Nuuwar,14.0
2751,Sekolah Tinggi Keguruan Dan Ilmu Pendidikan Padang Lawas,1.0
2752,Sekolah Tinggi Keguruan Dan Ilmu Pendidikan Pamane Talino,11.0
2753,Sekolah Tinggi Keguruan Dan Ilmu Pendidikan Pangeran Dharma Kusuma Segeran Juntinyuat Indramayu,4.0
2754,Sekolah Tinggi Keguruan Dan Ilmu Pendidikan Paracendekia N W Sumbawa,8.0
2755,Sekolah Tinggi Keguruan Dan Ilmu Pendidikan Paris Barantai,11.0
2756,Sekolah Tinggi Keguruan Dan Ilmu Pendidikan Pasundan,4.0
2757,Sekolah Tinggi Keguruan Dan Ilmu Pendidikan Pelita Pratama,4.0
2758,Sekolah Tinggi Keguruan Dan Ilmu Pendidikan Pembangunan Indonesia,9.0
2759,Sekolah Tinggi Keguruan Dan Ilmu Pendidikan Persada Khatulistiwa Sintang,11.0
2760,Sekolah Tinggi Keguruan Dan Ilmu Pendidikan Pgri Bangkalan,7.0
2761,Sekolah Tinggi Keguruan Dan Ilmu Pendidikan Pgri Banjarmasin,11.0
2762,Sekolah Tinggi Keguruan Dan Ilmu Pendidikan Pgri Lubuklinggau,2.0
2763,Sekolah Tinggi Keguruan Dan Ilmu Pendidikan Pgri Lumajang,7.0
2764,Sekolah Tinggi Keguruan Dan Ilmu Pendidikan Pgri Metro,2.0
2765,Sekolah Tinggi Keguruan Dan Ilmu Pendidikan Pgri Nganjuk,7.0
2766,Sekolah Tinggi Keguruan Dan Ilmu Pendidikan Pgri Ngawi,7.0
2767,Sekolah Tinggi Keguruan Dan Ilmu Pendidikan Pgri Pacitan,7.0
2768,Sekolah Tinggi Keguruan Dan Ilmu Pendidikan Pgri Papua,14.0
2769,Sekolah Tinggi Keguruan Dan Ilmu Pendidikan Pgri Sidoarjo,7.0
2770,Sekolah Tinggi Keguruan Dan Ilmu Pendidikan Pgri Situbondo,7.0
2771,Sekolah Tinggi Keguruan Dan Ilmu Pendidikan Pgri Sumatera Barat,10.0
2772,Sekolah Tinggi Keguruan Dan Ilmu Pendidikan Pgri Sumenep,7.0
2773,Sekolah Tinggi Keguruan Dan Ilmu Pendidikan Pgri Trenggalek,7.0
2774,Sekolah Tinggi Keguruan Dan Ilmu Pendidikan Pgri Tulungagung,7.0
2775,Sekolah Tinggi Keguruan Dan Ilmu Pendidikan Puangrimaggalatung,9.0
2776,Sekolah Tinggi Keguruan Dan Ilmu Pendidikan Purwakarta,4.0
2777,Sekolah Tinggi Keguruan Dan Ilmu Pendidikan Qomaruddin Gresik,7.0
2778,Sekolah Tinggi Keguruan Dan Ilmu Pendidikan Rosalia Lampung,2.0
2779,Sekolah Tinggi Keguruan Dan Ilmu Pendidikan Santu Paulus,15.0
2780,Sekolah Tinggi Keguruan Dan Ilmu Pendidikan Saumlaki,12.0
2781,Sekolah Tinggi Keguruan Dan Ilmu Pendidikan Setia Budhi Rangkasbitung,4.0
2782,Sekolah Tinggi Keguruan Dan Ilmu Pendidikan Singkawang,11.0
2783,Sekolah Tinggi Keguruan Dan Ilmu Pendidikan Soe,15.0
2784,Sekolah Tinggi Keguruan Dan Ilmu Pendidikan Suar Bangli,8.0
2785,Sekolah Tinggi Keguruan Dan Ilmu Pendidikan Subang,4.0
2786,Sekolah Tinggi Keguruan Dan Ilmu Pendidikan Syekh Manshur,4.0
2787,Sekolah Tinggi Keguruan Dan Ilmu Pendidikan Usman Safri Kutacane,13.0
2788,Sekolah Tinggi Keguruan Dan Ilmu Pendidikan Weetebula,15.0
2789,Sekolah Tinggi Keguruan Dan Ilmu Pendidikan Widya Yuwana,7.0
2790,Sekolah Tinggi Keguruan Dan Ilmu Pendidikan Yayasan Abdi Pendidikan,10.0
2791,Sekolah Tinggi Keguruan Dan Ilmu Pendidikan Ydb Lubuk Alung,10.0
2792,Sekolah Tinggi Keguruan Dan Ilmu Pendidikan Ypm Bangko,10.0
2793,Sekolah Tinggi Keguruan Dan Ilmu Pendidikan Ypup Makassar,9.0
2794,Sekolah Tinggi Keguruan Ilmu Pendidikan Adzkia,10.0
2795,Sekolah Tinggi Keguruan Ilmu Pendidikan Al-Azhar Diniyyah Jambi,10.0
2796,Sekolah Tinggi Kepemerintahan Dan Kebijakan Publik,3.0
2797,Sekolah Tinggi Kesehatan Al-Fatah Bengkulu,
2798,Sekolah Tinggi Kesehatan Bina Cipta Husada Purwokerto,
2799,Sekolah Tinggi Kesehatan Indonesia Wirautama,
2800,Sekolah Tinggi Kesehatan Masyarakat Widya Dharma Palembang,
2801,Sekolah Tinggi Kesenian Wilwatikta,7.0
2802,Sekolah Tinggi Khonghucu Indonesia,
2803,Sekolah Tinggi Komputer Al Ma Soem,4.0
2804,Sekolah Tinggi Kulliyatul Qur'An Al-Hikam Depok,
2805,Sekolah Tinggi Manajemen Asuransi Trisakti,3.0
2806,Sekolah Tinggi Manajemen Dan Ilmu Komputer Kuwera,3.0
2807,Sekolah Tinggi Manajemen Dan Ilmu Komputer Umel Mandiri,14.0
2808,Sekolah Tinggi Manajemen Immi,3.0
2809,Sekolah Tinggi Manajemen Informatika Dan Komputer Akakom Yogyakarta,5.0
2810,Sekolah Tinggi Manajemen Informatika Dan Komputer Akba,9.0
2811,Sekolah Tinggi Manajemen Informatika Dan Komputer AMIK Bandung,4.0
2812,Sekolah Tinggi Manajemen Informatika Dan Komputer AMIK Riau,10.0
2813,Sekolah Tinggi Manajemen Informatika Dan Komputer Amikom Purwokerto,6.0
2814,Sekolah Tinggi Manajemen Informatika Dan Komputer Amikom Surakarta,6.0
2815,Sekolah Tinggi Manajemen Informatika Dan Komputer Antar Bangsa,4.0
2816,Sekolah Tinggi Manajemen Informatika Dan Komputer Asia Malang,7.0
2817,Sekolah Tinggi Manajemen Informatika Dan Komputer Atma Luhur,2.0
2818,Sekolah Tinggi Manajemen Informatika Dan Komputer Aub Surakarta,6.0
2819,Sekolah Tinggi Manajemen Informatika Dan Komputer Balikpapan,11.0
2820,Sekolah Tinggi Manajemen Informatika Dan Komputer Bandung,4.0
2821,Sekolah Tinggi Manajemen Informatika Dan Komputer Bani Saleh,4.0
2822,Sekolah Tinggi Manajemen Informatika Dan Komputer Bina Adinata,9.0
2823,Sekolah Tinggi Manajemen Informatika Dan Komputer Bina Bangsa,9.0
2824,Sekolah Tinggi Manajemen Informatika Dan Komputer Bina Mulia,16.0
2825,Sekolah Tinggi Manajemen Informatika Dan Komputer Bina Nusantara Jaya Lubuk Linggau,2.0
2826,Sekolah Tinggi Manajemen Informatika Dan Komputer Bina Patria,6.0
2827,Sekolah Tinggi Manajemen Informatika Dan Komputer Catur Insan Cendekia,4.0
2828,Sekolah Tinggi Manajemen Informatika Dan Komputer Cic,4.0
2829,Sekolah Tinggi Manajemen Informatika Dan Komputer Cikarang,4.0
2830,Sekolah Tinggi Manajemen Informatika Dan Komputer Denpasar,8.0
2831,Sekolah Tinggi Manajemen Informatika Dan Komputer Dharma Putra,4.0
2832,Sekolah Tinggi Manajemen Informatika Dan Komputer Dharma Wacana,2.0
2833,Sekolah Tinggi Manajemen Informatika Dan Komputer Dharmapala Riau,10.0
2834,Sekolah Tinggi Manajemen Informatika Dan Komputer Dharmasraya,10.0
2835,Sekolah Tinggi Manajemen Informatika Dan Komputer Dipanegara Makassar,9.0
2836,Sekolah Tinggi Manajemen Informatika Dan Komputer El Rahma,5.0
2837,Sekolah Tinggi Manajemen Informatika Dan Komputer Gici,10.0
2838,Sekolah Tinggi Manajemen Informatika Dan Komputer Handayani Makassar,9.0
2839,Sekolah Tinggi Manajemen Informatika Dan Komputer Hang Tuah Pekanbaru,10.0
2840,Sekolah Tinggi Manajemen Informatika Dan Komputer Ibbi,1.0
2841,Sekolah Tinggi Manajemen Informatika Dan Komputer Ichsan,16.0
2842,Sekolah Tinggi Manajemen Informatika Dan Komputer Im,4.0
2843,Sekolah Tinggi Manajemen Informatika Dan Komputer Indo Daya Suvana,3.0
2844,Sekolah Tinggi Manajemen Informatika Dan Komputer Indonesia Banda Aceh,13.0
2845,Sekolah Tinggi Manajemen Informatika Dan Komputer Indonesia Banjarmasin,11.0
2846,Sekolah Tinggi Manajemen Informatika Dan Komputer Indonesia Mandiri,4.0
2847,Sekolah Tinggi Manajemen Informatika Dan Komputer Inovasi Sains Teknologi Bisnis,3.0
2848,Sekolah Tinggi Manajemen Informatika Dan Komputer Insan Pembangunan,4.0
2849,Sekolah Tinggi Manajemen Informatika Dan Komputer Jakarta Sti&Amp;K,3.0
2850,Sekolah Tinggi Manajemen Informatika Dan Komputer Jawa Barat,4.0
2851,Sekolah Tinggi Manajemen Informatika Dan Komputer Jayabaya Jakarta,3.0
2852,Sekolah Tinggi Manajemen Informatika Dan Komputer Jayakarta,3.0
2853,Sekolah Tinggi Manajemen Informatika Dan Komputer Jenderal Achmad Yani Yogyakarta,5.0
2854,Sekolah Tinggi Manajemen Informatika Dan Komputer Kaputama,1.0
2855,Sekolah Tinggi Manajemen Informatika Dan Komputer Kharisma Karawang,4.0
2856,Sekolah Tinggi Manajemen Informatika Dan Komputer Komputama Majenang,6.0
2857,Sekolah Tinggi Manajemen Informatika Dan Komputer Lamappapoleonro,9.0
2858,Sekolah Tinggi Manajemen Informatika Dan Komputer Lembah Dempo,2.0
2859,Sekolah Tinggi Manajemen Informatika Dan Komputer Logika,1.0
2860,Sekolah Tinggi Manajemen Informatika Dan Komputer Lpkia Bandung,4.0
2861,Sekolah Tinggi Manajemen Informatika Dan Komputer Mahakarya,3.0
2862,Sekolah Tinggi Manajemen Informatika Dan Komputer Mardira Indonesia,4.0
2863,Sekolah Tinggi Manajemen Informatika Dan Komputer Mercusuar,4.0
2864,Sekolah Tinggi Manajemen Informatika Dan Komputer Mic Cikarang,4.0
2865,Sekolah Tinggi Manajemen Informatika Dan Komputer Mikar,4.0
2866,Sekolah Tinggi Manajemen Informatika Dan Komputer Mikroskil,1.0
2867,Sekolah Tinggi Manajemen Informatika Dan Komputer Muhammadiyah Jakarta,3.0
2868,Sekolah Tinggi Manajemen Informatika Dan Komputer Nusa Mandiri Jakarta,3.0
2869,Sekolah Tinggi Manajemen Informatika Dan Komputer Palcomtech,2.0
2870,Sekolah Tinggi Manajemen Informatika Dan Komputer Pesat Nabire,14.0
2871,Sekolah Tinggi Manajemen Informatika Dan Komputer Pontianak,11.0
2872,Sekolah Tinggi Manajemen Informatika Dan Komputer Ppkia Pradnya Paramita,7.0
2873,Sekolah Tinggi Manajemen Informatika Dan Komputer Ppkia Tarakanita Rahmawati Tarakan,11.0
2874,Sekolah Tinggi Manajemen Informatika Dan Komputer Prabumulih,2.0
2875,Sekolah Tinggi Manajemen Informatika Dan Komputer Pringsewu,2.0
2876,Sekolah Tinggi Manajemen Informatika Dan Komputer Profesional Makassar,9.0
2877,Sekolah Tinggi Manajemen Informatika Dan Komputer Rosma,4.0
2878,Sekolah Tinggi Manajemen Informatika Dan Komputer Royal,1.0
2879,Sekolah Tinggi Manajemen Informatika Dan Komputer Sinar Nusantara,6.0
2880,Sekolah Tinggi Manajemen Informatika Dan Komputer STIKOM Indonesia,8.0
2881,Sekolah Tinggi Manajemen Informatika Dan Komputer Subang,4.0
2882,Sekolah Tinggi Manajemen Informatika Dan Komputer Sumedang,4.0
2883,Sekolah Tinggi Manajemen Informatika Dan Komputer Syaikh Zainuddin Nahdlatul Wathan,8.0
2884,Sekolah Tinggi Manajemen Informatika Dan Komputer Tunas Bangsa,6.0
2885,Sekolah Tinggi Manajemen Informatika Dan Komputer Widuri,3.0
2886,Sekolah Tinggi Manajemen Informatika Dan Komputer Widya Pratama,6.0
2887,Sekolah Tinggi Manajemen Informatika Dan Komputer Wit Cirebon,4.0
2888,Sekolah Tinggi Manajemen Informatika Dn Komputer Royal,1.0
2889,Sekolah Tinggi Manajemen Informatika Komputer Mataram,8.0
2890,Sekolah Tinggi Manajemen Informatika Komputer Stella Maris Sumba,15.0
2891,Sekolah Tinggi Manajemen Informatika Komputer Uyelindo Kupang,15.0
2892,Sekolah Tinggi Manajemen Ipmi,3.0
2893,Sekolah Tinggi Manajemen Labora,3.0
2894,Sekolah Tinggi Manajemen Logistik Indonesia,4.0
2895,Sekolah Tinggi Manajemen PPM,3.0
2896,Sekolah Tinggi Manajemen Resiko Dan Asuransi,3.0
2897,Sekolah Tinggi Manajemen Risiko Dan Asuransi,3.0
2898,Sekolah Tinggi Maritim Dan Transpor Amni,6.0
2899,Sekolah Tinggi Maritim Yogyakarta,5.0
2900,Sekolah Tinggi Matematika &Amp; Ilmu Pengetahuan Alam,4.0
2901,Sekolah Tinggi Media Komunikasi Trisakti,3.0
2902,Sekolah Tinggi Meteorologi Klimatologi Dan Geofisika,
2903,Sekolah Tinggi Multi Media &Quot;Mmtc&Quot; Yogyakarta,
2904,Sekolah Tinggi Multi Media 'Mmtc' Yogyakarta,
2905,Sekolah Tinggi Olahraga Dan Kesehatan Bina Guna,1.0
2906,Sekolah Tinggi Pariwisata Soromandi Bima,8.0
2907,Sekolah Tinggi Pariwisata Ambarrukmo Yogyakarta,5.0
2908,Sekolah Tinggi Pariwisata Ampta Yogyakarta,5.0
2909,Sekolah Tinggi Pariwisata Ars Internasional,4.0
2910,Sekolah Tinggi Pariwisata Bali Internasional,8.0
2911,Sekolah Tinggi Pariwisata Bandung,
2912,Sekolah Tinggi Pariwisata Bogor,4.0
2913,Sekolah Tinggi Pariwisata Mataram,8.0
2914,Sekolah Tinggi Pariwisata Nusa Dua Bali,
2915,Sekolah Tinggi Pariwisata Pelita Harapan,3.0
2916,Sekolah Tinggi Pariwisata Riau,10.0
2917,Sekolah Tinggi Pariwisata Sahid,3.0
2918,Sekolah Tinggi Pariwisata Sahid Surakarta,6.0
2919,Sekolah Tinggi Pariwisata Satya Widya,7.0
2920,Sekolah Tinggi Pariwisata Triatma Jaya,8.0
2921,Sekolah Tinggi Pariwisata Trisakti,3.0
2922,Sekolah Tinggi Pastoral Kateketik (Stpkat) Santo Fransiskus Asisi Semarang,
2923,Sekolah Tinggi Pastoral Reinha Larantuka,
2924,Sekolah Tinggi Pastoral St. Petrus Keuskupan Atambua,
2925,Sekolah Tinggi Pembangunan Masyarakat Desa Apmd,5.0
2926,Sekolah Tinggi Pembangunan Masyarakat Santa Ursula,15.0
2927,Sekolah Tinggi Pendidikan Agama Kristen (Stipak) Malang,
2928,Sekolah Tinggi Pendidikan Islam (Stpi) Bina Insan Mulia Yogyakarta,
2929,Sekolah Tinggi Penerbangan Aviasi,3.0
2930,Sekolah Tinggi Penerbangan Indonesia Curug,
2931,Sekolah Tinggi Penyuluhan Pertanian (Stpp) Magelang,
2932,Sekolah Tinggi Penyuluhan Pertanian Bogor,
2933,Sekolah Tinggi Penyuluhan Pertanian Gowa,
2934,Sekolah Tinggi Penyuluhan Pertanian Malang,
2935,Sekolah Tinggi Perikanan,
2936,Sekolah Tinggi Perikanan Dan Kelautan Matauli,1.0
2937,Sekolah Tinggi Perikanan Dan Kelautan Palu,16.0
2938,Sekolah Tinggi Perikanan Hatta-Sjahrir,12.0
2939,Sekolah Tinggi Perikanan Sibolga,1.0
2940,Sekolah Tinggi Perkebunan Lampung,2.0
2941,Sekolah Tinggi Perpajakan Indonesia,3.0
2942,Sekolah Tinggi Pertanahan Nasional Yogyakarta,
2943,Sekolah Tinggi Pertanian Haji Agus Salim,10.0
2944,Sekolah Tinggi Pertanian Kewirausahaan Banau,12.0
2945,Sekolah Tinggi Pertanian Kutai Timur,11.0
2946,Sekolah Tinggi Pertanian Labuha,12.0
2947,Sekolah Tinggi Pesantren Darunna'Im Lebak Banten,
2948,Sekolah Tinggi Pondok Pesantren Assanadiyah Palembang,
2949,Sekolah Tinggi Psikologi Yogyakarta,5.0
2950,Sekolah Tinggi Sains Dan Teknologi Indonesia,4.0
2951,Sekolah Tinggi Sains Islam Bina Cendekia Utama Cirebon,
2952,Sekolah Tinggi Sandi Negara,
2953,Sekolah Tinggi Seni Musik Bandung,4.0
2954,Sekolah Tinggi Seni Rupa Dan Desain Visi Indonesia,5.0
2955,Sekolah Tinggi Sosial Politik Waskita Darma,7.0
2956,Sekolah Tinggi Teknik Atlas Nusantara,7.0
2957,Sekolah Tinggi Teknik Baramuli,9.0
2958,Sekolah Tinggi Teknik Bima,8.0
2959,Sekolah Tinggi Teknik Harapan,1.0
2960,Sekolah Tinggi Teknik Ibnu Sina,10.0
2961,Sekolah Tinggi Teknik Ilmu Komputer Insan Unggul,4.0
2962,Sekolah Tinggi Teknik Iskandar Thani,13.0
2963,Sekolah Tinggi Teknik Karawang,4.0
2964,Sekolah Tinggi Teknik Lingkungan Mataram,8.0
2965,Sekolah Tinggi Teknik Malang,7.0
2966,Sekolah Tinggi Teknik Multimedia Cendikia Abditama,4.0
2967,Sekolah Tinggi Teknik Poliprofesi,1.0
2968,Sekolah Tinggi Teknik Qomaruddin,7.0
2969,Sekolah Tinggi Teknik Surabaya,7.0
2970,Sekolah Tinggi Teknik Wiworotomo,6.0
2971,Sekolah Tinggi Teknologi &Quot;Warga&Quot; Surakarta,6.0
2972,Sekolah Tinggi Teknologi Adisutjipto,5.0
2973,Sekolah Tinggi Teknologi Angkatan Laut,
2974,Sekolah Tinggi Teknologi Bandung,4.0
2975,Sekolah Tinggi Teknologi Banten,4.0
2976,Sekolah Tinggi Teknologi Bina Tunggal,4.0
2977,Sekolah Tinggi Teknologi Bontang,11.0
2978,Sekolah Tinggi Teknologi Cahaya Surya,7.0
2979,Sekolah Tinggi Teknologi Cipasung,4.0
2980,Sekolah Tinggi Teknologi Cirebon,4.0
2981,Sekolah Tinggi Teknologi Dr Kh Ez Muttaqien,4.0
2982,Sekolah Tinggi Teknologi Dumai,10.0
2983,Sekolah Tinggi Teknologi Duta Bangsa,4.0
2984,Sekolah Tinggi Teknologi Fatahillah Cilegon,4.0
2985,Sekolah Tinggi Teknologi Garut,4.0
2986,Sekolah Tinggi Teknologi Gempol,7.0
2987,Sekolah Tinggi Teknologi Ilmu Komputer (Sttikom) Insan Unggul,4.0
2988,Sekolah Tinggi Teknologi Immanuel,1.0
2989,Sekolah Tinggi Teknologi Indonesia,3.0
2990,Sekolah Tinggi Teknologi Indonesia Tanjung Pinang,10.0
2991,Sekolah Tinggi Teknologi Indragiri,10.0
2992,Sekolah Tinggi Teknologi Industri Bontang,11.0
2993,Sekolah Tinggi Teknologi Industri Dan Farmasi Bogor,
2994,Sekolah Tinggi Teknologi Industri Padang,10.0
2995,Sekolah Tinggi Teknologi Informasi Niit,3.0
2996,Sekolah Tinggi Teknologi Jakarta,3.0
2997,Sekolah Tinggi Teknologi Kedirgantaraan,5.0
2998,Sekolah Tinggi Teknologi Kelautan,9.0
2999,Sekolah Tinggi Teknologi Kelautan Balik Diwa,9.0
3000,Sekolah Tinggi Teknologi Kreatif Bina Nusantara Bandung,4.0
3001,Sekolah Tinggi Teknologi Mandala,4.0
3002,Sekolah Tinggi Teknologi Mekongga,9.0
3003,Sekolah Tinggi Teknologi Migas,11.0
3004,Sekolah Tinggi Teknologi Mineral Indonesia,4.0
3005,Sekolah Tinggi Teknologi Minyak Dan Gas Bumi Balikpapan,11.0
3006,Sekolah Tinggi Teknologi Mitra Karya,4.0
3007,Sekolah Tinggi Teknologi Muhammadiyah Cileungsi,4.0
3008,Sekolah Tinggi Teknologi Muhammadiyah Kebumen,6.0
3009,Sekolah Tinggi Teknologi Mutu Muhammadiyah,4.0
3010,Sekolah Tinggi Teknologi Nasional,5.0
3011,Sekolah Tinggi Teknologi Nasional Jambi,10.0
3012,Sekolah Tinggi Teknologi Nuklir Yogyakarta,
3013,Sekolah Tinggi Teknologi Nusantara Indonesia,9.0
3014,Sekolah Tinggi Teknologi Nusantara Lampung,2.0
3015,Sekolah Tinggi Teknologi Pagaralam,2.0
3016,Sekolah Tinggi Teknologi Payakumbuh,10.0
3017,Sekolah Tinggi Teknologi Pekanbaru,10.0
3018,Sekolah Tinggi Teknologi Pelalawan,10.0
3019,Sekolah Tinggi Teknologi Pelita Bangsa,4.0
3020,Sekolah Tinggi Teknologi Pomosda,7.0
3021,Sekolah Tinggi Teknologi Ronggolawe,6.0
3022,Sekolah Tinggi Teknologi Sinar Husni,1.0
3023,Sekolah Tinggi Teknologi Stikma Internasional,7.0
3024,Sekolah Tinggi Teknologi Telematika Telkom,6.0
3025,Sekolah Tinggi Teknologi Terpadu Nurul Fikri,4.0
3026,Sekolah Tinggi Teknologi Texmaco,4.0
3027,Sekolah Tinggi Teknologi Wastukancana,4.0
3028,Sekolah Tinggi Teknologi Ybs Internasional,4.0
3029,Sekolah Tinggi Teknologi Yupentek,4.0
3030,Sekolah Tinggi Teologi Abdi Gusti,
3031,Sekolah Tinggi Teologi Abdi Gusti Nganjuk,
3032,Sekolah Tinggi Teologi Abdi Sabda Medan,
3033,Sekolah Tinggi Teologi Abdiel Ungaran,
3034,Sekolah Tinggi Teologi Adhi Wacana Surabaya,
3035,Sekolah Tinggi Teologi Agapes,
3036,Sekolah Tinggi Teologi Agapes Jakarta,
3037,Sekolah Tinggi Teologi Aletheia,
3038,Sekolah Tinggi Teologi Amanat Agung,
3039,Sekolah Tinggi Teologi Amsal,
3040,Sekolah Tinggi Teologi Andatu,
3041,Sekolah Tinggi Teologi Anderson Manado,
3042,Sekolah Tinggi Teologi Anugerah Misi Nias Barat,
3043,Sekolah Tinggi Teologi Anugrah,
3044,Sekolah Tinggi Teologi Apollos Jakarta,
3045,Sekolah Tinggi Teologi Arastamar Bengkulu,
3046,Sekolah Tinggi Teologi Arastamar Mamasa,
3047,Sekolah Tinggi Teologi Arrabona Bogor,
3048,Sekolah Tinggi Teologi Ati Anjungan Pontianak,
3049,Sekolah Tinggi Teologi Bandung,
3050,Sekolah Tinggi Teologi Baptis Bandung,
3051,Sekolah Tinggi Teologi Baptis Independen Indonesia Purworejo,
3052,Sekolah Tinggi Teologi Baptis Indonesia,
3053,Sekolah Tinggi Teologi Baptis Jakarta,
3054,Sekolah Tinggi Teologi Baptis Kalvari Jakarta,
3055,Sekolah Tinggi Teologi Baptis Medan,
3056,Sekolah Tinggi Teologi Baptis Papua,
3057,Sekolah Tinggi Teologi Basom,
3058,Sekolah Tinggi Teologi Berea Ansang,
3059,Sekolah Tinggi Teologi Berea Pontianak,
3060,Sekolah Tinggi Teologi Berea Salatiga,
3061,Sekolah Tinggi Teologi Berita Hidup,
3062,Sekolah Tinggi Teologi Bethel Ambon,
3063,Sekolah Tinggi Teologi Bethel Indonesia,
3064,Sekolah Tinggi Teologi Bethel Medan,
3065,Sekolah Tinggi Teologi Bethel Samarinda,
3066,Sekolah Tinggi Teologi Bethel The Way,
3067,Sekolah Tinggi Teologi Bethesda,
3068,Sekolah Tinggi Teologi Bethesda Bekasi,
3069,Sekolah Tinggi Teologi Bina Insani Indonesia Kasih Abadi Pematang Siantar,
3070,Sekolah Tinggi Teologi Bina Muda Wirawan Medan,
3071,Sekolah Tinggi Teologi Bisanry,
3072,Sekolah Tinggi Teologi Blessing Indonesia Makassar,
3073,Sekolah Tinggi Teologi Bnkp Sunderman,
3074,Sekolah Tinggi Teologi Borneo,
3075,Sekolah Tinggi Teologi Cianjur,
3076,Sekolah Tinggi Teologi Cipanas,
3077,Sekolah Tinggi Teologi Diakonos,
3078,Sekolah Tinggi Teologi Duta Panisal Jember,
3079,Sekolah Tinggi Teologi Efata Salatiga,
3080,Sekolah Tinggi Teologi Ekklesia Pontianak,
3081,Sekolah Tinggi Teologi Ekumene,
3082,Sekolah Tinggi Teologi Elohim,
3083,Sekolah Tinggi Teologi El-Shadday Surakarta,
3084,Sekolah Tinggi Teologi Erikson Tritt,
3085,Sekolah Tinggi Teologi Excelsius,
3086,Sekolah Tinggi Teologi Filadelfia Langowan,
3087,Sekolah Tinggi Teologi Galilea Indonesia,
3088,Sekolah Tinggi Teologi Gamaliel,
3089,Sekolah Tinggi Teologi Gamaliel Surakarta,
3090,Sekolah Tinggi Teologi Gereja Injili Di Indonesia,
3091,Sekolah Tinggi Teologi Gereja Kalimantan Evangelis,
3092,Sekolah Tinggi Teologi Gereja Kalimantan Evangelis (Gke),
3093,Sekolah Tinggi Teologi Gereja Kristen Luther Indonesia,
3094,Sekolah Tinggi Teologi Gereja Kristen Sulawesi Tengah Tentena,
3095,Sekolah Tinggi Teologi Gereja Methodist Indonesia Bandar Baru,
3096,Sekolah Tinggi Teologi Gereja Pentakosta Di Indonesia Pematang Siantar,
3097,Sekolah Tinggi Teologi Gereja Protestan Indonesia Papua,
3098,Sekolah Tinggi Teologi Global Glow Indonesia Jakarta,
3099,Sekolah Tinggi Teologi Hagiasmos Mission Jakarta,
3100,Sekolah Tinggi Teologi Happy Family,
3101,Sekolah Tinggi Teologi Hkbp,
3102,Sekolah Tinggi Teologi Huperetes Batam,
3103,Sekolah Tinggi Teologi Ikat Jakarta,
3104,Sekolah Tinggi Teologi Iksm Santosa Asih,
3105,Sekolah Tinggi Teologi Iksm Sentosa Asih,
3106,Sekolah Tinggi Teologi Iman Jakarta,
3107,Sekolah Tinggi Teologi Imanuel (Setitel) Teluk Dalam Kabupaten Nias Selatan,
3108,Sekolah Tinggi Teologi Imanuel Ministry El Shadday,
3109,Sekolah Tinggi Teologi Immanuel Nusantara Jakarta,
3110,Sekolah Tinggi Teologi Immanuel Sintang Kal-Bar,
3111,Sekolah Tinggi Teologi Inalta,
3112,Sekolah Tinggi Teologi Indonesia Manado,
3113,Sekolah Tinggi Teologi Injil Bhakti Caraka Batam,
3114,Sekolah Tinggi Teologi Injili Abdi Allah,
3115,Sekolah Tinggi Teologi Injili Arastamar (Setia) Jakarta,
3116,Sekolah Tinggi Teologi Injili Arastamar (Setia) Ngabang,
3117,Sekolah Tinggi Teologi Injili Bethsaida Medan,
3118,Sekolah Tinggi Teologi Injili Efrata Sidoarjo,
3119,Sekolah Tinggi Teologi Injili Humble Bengkayang,
3120,Sekolah Tinggi Teologi Injili Indonesia Ambon,
3121,Sekolah Tinggi Teologi Injili Indonesia Bali,
3122,Sekolah Tinggi Teologi Injili Indonesia Batam,
3123,Sekolah Tinggi Teologi Injili Indonesia Jakarta,
3124,Sekolah Tinggi Teologi Injili Indonesia Palu,
3125,Sekolah Tinggi Teologi Injili Indonesia Purwokerto,
3126,Sekolah Tinggi Teologi Injili Indonesia Samarinda,
3127,Sekolah Tinggi Teologi Injili Indonesia Surabaya,
3128,Sekolah Tinggi Teologi Injili Indonesia Yogyakarta,
3129,Sekolah Tinggi Teologi Injili Mahkota Sion Saumlaki,
3130,Sekolah Tinggi Teologi Internasional Harvest,
3131,Sekolah Tinggi Teologi Intheos Surakarta,
3132,Sekolah Tinggi Teologi Inti Bandung,
3133,Sekolah Tinggi Teologi Jaffray Jakarta,
3134,Sekolah Tinggi Teologi Jemaat Kristus Indonesia,
3135,Sekolah Tinggi Teologi Johanes Calvin Bali,
3136,Sekolah Tinggi Teologi Kadesi Bogor,
3137,Sekolah Tinggi Teologi Kadesi Yogyakarta,
3138,Sekolah Tinggi Teologi Kalimantan,
3139,Sekolah Tinggi Teologi Kalvari Maluku Utara,
3140,Sekolah Tinggi Teologi Kanaan Nusantara Ungaran,
3141,Sekolah Tinggi Teologi Katharos Indonesia Bekasi,
3142,Sekolah Tinggi Teologi Kharisma Bandung,
3143,Sekolah Tinggi Teologi Khatulistiwa Sintang,
3144,Sekolah Tinggi Teologi Kibaid Makale,
3145,Sekolah Tinggi Teologi Kingdom,
3146,Sekolah Tinggi Teologi Kingdom Bali,
3147,Sekolah Tinggi Teologi Kristus Alfa Omega,
3148,Sekolah Tinggi Teologi Lintas Budaya Jakarta,
3149,Sekolah Tinggi Teologi Magelang,
3150,Sekolah Tinggi Teologi Mamasa,
3151,Sekolah Tinggi Teologi Marturia Tanjung Balai,
3152,Sekolah Tinggi Teologi Mawar Saron Lampung,
3153,Sekolah Tinggi Teologi Mitra,
3154,Sekolah Tinggi Teologi Moriah Tangerang,
3155,Sekolah Tinggi Teologi Nias,
3156,Sekolah Tinggi Teologi Nusantara Salatiga,
3157,Sekolah Tinggi Teologi Oikumene Injili Sidikalang,
3158,Sekolah Tinggi Teologi Pantekosta Batam,
3159,Sekolah Tinggi Teologi Pantekosta Jakarta,
3160,Sekolah Tinggi Teologi Pantekosta Sumut - Aceh,
3161,Sekolah Tinggi Teologi Parakletos Surabaya,
3162,Sekolah Tinggi Teologi Parakletos Tomohon,
3163,Sekolah Tinggi Teologi Paulus Jakarta,
3164,Sekolah Tinggi Teologi Paulus Medan,
3165,Sekolah Tinggi Teologi Pelita Bangsa,
3166,Sekolah Tinggi Teologi Pelita Bangsa Jakarta,
3167,Sekolah Tinggi Teologi Pelita Dunia Banten,
3168,Sekolah Tinggi Teologi Pelita Kebenaran,
3169,Sekolah Tinggi Teologi Pentakosta Mooat,
3170,Sekolah Tinggi Teologi Periago Pekanbaru,
3171,Sekolah Tinggi Teologi Perjanjiannya Kabanjahe,
3172,Sekolah Tinggi Teologi Pokok Anggur Jakarta,
3173,Sekolah Tinggi Teologi Pontianak,
3174,Sekolah Tinggi Teologi Presbyterian Shema,
3175,Sekolah Tinggi Teologi Rahmat Emmanuel Jakarta,
3176,Sekolah Tinggi Teologi Real,
3177,Sekolah Tinggi Teologi Real Batam,
3178,Sekolah Tinggi Teologi Reformed Indonesia,
3179,Sekolah Tinggi Teologi Reformed Injili Internasional,
3180,Sekolah Tinggi Teologi Renatus Pematang Siantar,
3181,Sekolah Tinggi Teologi Renatus Pematangsiantar,
3182,Sekolah Tinggi Teologi Saat,
3183,Sekolah Tinggi Teologi Sabda Agung (Sttsa),
3184,Sekolah Tinggi Teologi Salem,
3185,Sekolah Tinggi Teologi Samuel Elizabeth,
3186,Sekolah Tinggi Teologi Sangkakala,
3187,Sekolah Tinggi Teologi Sappi Ciranjang,
3188,Sekolah Tinggi Teologi Satyabhakti,
3189,Sekolah Tinggi Teologi Simpson Ungaran,
3190,Sekolah Tinggi Teologi Sola Gratia Indonesia,
3191,Sekolah Tinggi Teologi Sola Gratia Medan,
3192,Sekolah Tinggi Teologi Soteria Purwokerto,
3193,Sekolah Tinggi Teologi Stars Lub Luwuk Banggai,
3194,Sekolah Tinggi Teologi Sumatera Medan,
3195,Sekolah Tinggi Teologi Sumatera Utara,
3196,Sekolah Tinggi Teologi Sunergeo Banten,
3197,Sekolah Tinggi Teologi Sunsugos Jakarta,
3198,Sekolah Tinggi Teologi Syalom Bandar Lampung,
3199,Sekolah Tinggi Teologi Syalom Nias,
3200,Sekolah Tinggi Teologi Tabernakel Kemuliaan-Nya,
3201,Sekolah Tinggi Teologi Tabernakel Lawang,
3202,Sekolah Tinggi Teologi Tabgha Batam,
3203,Sekolah Tinggi Teologi Tawangmangu,
3204,Sekolah Tinggi Teologi Tenggarong,
3205,Sekolah Tinggi Teologi Tiberias Jakarta,
3206,Sekolah Tinggi Teologi Torsina,
3207,Sekolah Tinggi Teologi Wesley Methodist Indonesia,
3208,Sekolah Tinggi Teologi Widya Agape Malang,
3209,Sekolah Tinggi Teologi William Carey Medan,
3210,Sekolah Tinggi Teologi Yerusalem Baru Manado,
3211,Sekolah Tinggi Teologi Yestoya Malang,
3212,Sekolah Tinggi Theologi Injili Abdi Allah,
3213,Sekolah Tinggi Theologia Injili Arastamar (Setia) Jakarta,
3214,Sekolah Tinggi Theologia Injili Indonesia Lombok,
3215,Sekolah Tinggi Theologia Nazarene Indonesia,
3216,Sekolah Tinggi Transportasi Darat Bekasi,
3217,St Ilmu Komputer Cipta Karya Informatika,3.0
3218,Stah Negeri Mpu Kuturan Singaraja Bali,
3219,STAI Ahsanta Jambi,
3220,STAI Al-Amin Gersik Kediri Lombok Barat,
3221,STAI Al-Andina Sukabumi,
3222,STAI Al-Anwar Sarang Rembang,
3223,STAI Al-Aqidah Al-Hasyimiyah Jakarta,
3224,STAI Al-Aulia Bogor,
3225,STAI Al-Azhar Gowa,
3226,STAI Al-Azhar Menganti Gresik,
3227,STAI Al-Azhar Pekanbaru,
3228,STAI Al-Azhary Cianjur,
3229,STAI Al-Azhary Mamuju,
3230,STAI Al-Barokah Sukabumi,
3231,STAI Al-Falah As-Sunniyah Kencong Jember,
3232,STAI Al-Falah Banjarbaru,
3233,STAI Al-Falah Cicalengka,
3234,STAI Al-Fattah (Staifa) Pacitan,
3235,STAI Al-Fithrah Surabaya,
3236,STAI Al-Furqan Makassar,
3237,STAI Al-Gazali Bone,
3238,STAI Al-Gazali Bulukumba,
3239,STAI Al-Ghazali Barru,
3240,STAI Al-Ghazali Soppeng,
3241,STAI Al-Hamidiyah Bangkalan,
3242,STAI Al-Haudl Ketapang,
3243,STAI Al-Hidayah Bogor,
3244,STAI Al-Hikmah,
3245,STAI Al-Hikmah 2,
3246,STAI Alhikmah Jakarta Selatan,
3247,STAI Al-Hikmah Medan,
3248,STAI Al-Hikmah Pariangan Batusangkar,
3249,STAI Al-Hikmah Tuban,
3250,STAI Al-Husain Magelang (Sti Aih),
3251,STAI Al-Ihya Kuningan,
3252,STAI Al-Ikhlas Sidikalang,
3253,STAI Al-Kamal Sarang Rembang,
3254,STAI Al-Khairaat Halmahera Selatan,
3255,STAI Al-Khairat Pamekasan,
3256,STAI Al-Ma`Arif Buntok,
3257,STAI Al-Ma`Arif Ciamis,
3258,STAI Al-Mahdi Fakfak,
3259,STAI Al-Mas`Udiyah,
3260,STAI Al-Mawaddah Warrahmah Kolaka,
3261,STAI Al-Muhajirin Purwakarta,
3262,STAI Al-Muhammad Cepu,
3263,STAI Al-Mukhlisin Bogor,
3264,STAI Al-Munawwaroh Tolitoli,
3265,STAI Al-Musaddadiyah Garut,
3266,STAI Al-Musdariyah Cimahi,
3267,STAI Al-Qodiri Jember,
3268,STAI Al-Washliyah Banda Aceh,
3269,STAI Al-Washliyah Barabai,
3270,STAI Al-Yasini Pasuruan,
3271,STAI An Najah Indonesia Mandiri Sidoarjo,
3272,STAI An-Nadwah Kuala Tungkal,
3273,STAI An-Najah Surabaya,
3274,STAI An-Nawawi Purworejo,
3275,STAI Ar-Ridho Bagansiapiapi,
3276,STAI As`Adiyah Sengkang Wajo,
3277,STAI Ash-Shiddiqiyah Lempuing Jaya Oki,
3278,STAI Assalamiyah Curugsari Jawilan Serang,
3279,STAI Asshiddiqiyah Karawang,
3280,STAI Asy-Syafi`Iyah Nabire,
3281,STAI Asy-Syukriyyah Tangerang,
3282,STAI At-Tahdzib Rejoagung Ngoro Jombang,
3283,STAI At-Tanwir Bojonegoro,
3284,STAI At-Taqwa Bekasi,
3285,STAI At-Taqwa Bondowoso Jawa Timur,
3286,STAI Auliaurrasyidin,
3287,STAI Azziyadah Klender,
3288,STAI Babunnajah Pandeglang,
3289,STAI Babussalam Sula Maluku Utara,
3290,STAI Badrus Sholeh Purwoasri Kediri,
3291,STAI Bahriyatul Ulum Kh. Zainul Arifin Pandan,
3292,STAI Bahriyatul Ulum Pandan,
3293,STAI Baitul Arqom Al-Islami Ciparay Bandung,
3294,STAI Bakti Negara Tegal,
3295,STAI Balaiselasa Yppti Pesisir Selatan,
3296,STAI Bani Saleh Bekasi,
3297,STAI Barumun Raya Sibuhan,
3298,STAI Bhakti Persada Majalaya Bandung,
3299,STAI Binamadani Tangerang,
3300,STAI Brebes,
3301,STAI Bumi Silampari Lubuk Linggau,
3302,STAI Cendekia Insani Situbondo,
3303,STAI Cirebon,
3304,STAI Darul Arafah (Staida) Lau Bakeri Deli Serdang,
3305,STAI Darul Arqam Muhammadiyah Garut,
3306,STAI Darul Falah Cililin Cihampelas Bandung Barat,
3307,STAI Darul Hikmah Aceh Barat,
3308,STAI Darul Hikmah Bangkalan,
3309,STAI Darul Kamal Nw Kembang Kerang Ntb,
3310,STAI Darul Qur`An Payakumbuh,
3311,STAI Darul Ulum Banyuwangi,
3312,STAI Darul Ulum Kandangan,
3313,STAI Darunnajah Jakarta Yayasan Darunnajah,
3314,STAI Darussalam Lampung,
3315,STAI Daruttaqwa Gresik,
3316,STAI Ddi Jeneponto,
3317,STAI Ddi Kota Makassar,
3318,STAI Ddi Majene,
3319,STAI Ddi Mangkoso,
3320,STAI Ddi Maros,
3321,STAI Ddi Pangkep,
3322,STAI Ddi Parepare,
3323,STAI Ddi Sidrap,
3324,STAI Denpasar Bali,
3325,STAI Diniyah Pekanbaru,
3326,STAI Diponegoro Tulungagung,
3327,STAI Dr. Kh. Ez. Muttaqien Purwakarta,
3328,STAI Duta Bangsa Bekasi,
3329,STAI Fatahillah Serpong,
3330,STAI Haji Agus Salim Cikarang Bekasi,
3331,STAI Hasan Jufri Bawean,
3332,STAI Hasanuddin Pare Kediri,
3333,STAI Hikmatul Fadhilah Medan,
3334,STAI Hubbulwathan Duri,
3335,STAI Ibnu Sina Batam,
3336,STAI Ihyaul Ulum Gresik,
3337,STAI Imam Syafi`I Cianjur,
3338,STAI Istiqlal Buleleng Bali,
3339,STAI Jam`Iyah Mahmudiyah Langkat,
3340,STAI Jami`Atul Tarbiyah Lhoksukon Aceh Utara,
3341,STAI Kh Abdul Kabier,
3342,STAI Kharisma Cicurug,
3343,STAI Ki Ageng Pekalongan,
3344,STAI Kuala Kapuas,
3345,STAI La Tansa Mashiro Rangkasbitung Lebak,
3346,STAI Lan Taboer Pondok Gede,
3347,STAI Luqman Al-Hakim (Stail) Surabaya,
3348,STAI Ma`Arif Jambi,
3349,STAI Ma`Arif Kalirejo Lampung Tengah,
3350,STAI Ma`Arif Kendal Ngawi,
3351,STAI Ma`Arif Sampang Madura,
3352,STAI Ma`Arif Sarolangun,
3353,STAI Ma`Arif Sintang,
3354,STAI Ma`Had `Ali Cirebon,
3355,STAI Ma`Had Aly Al-Hikam Malang,
3356,STAI Madinatul Ilmi Depok,
3357,STAI Madiun Jawa Timur,
3358,STAI Madrasah `Arabiyah (Staima) Bayang,
3359,STAI Masjid Syuhada Yogyakarta,
3360,STAI Mau`Izhah Tanjung Jabung Barat,
3361,STAI Mempawah Pontianak,
3362,STAI Miftahul Huda Al-Azhar Banjar,
3363,STAI Miftahul Huda Pamanukan Subang,
3364,STAI Miftahul Ula Nglawak Kertosono,
3365,STAI Miftahul Ulum Mukomuko,
3366,STAI Miftahul Ulum Pamekasan,
3367,STAI Miftahul Ulum Tanjung Pinang,
3368,STAI Miftahul Ulum Tarate Pandian Sumenep,
3369,STAI Miftahul Ulum Tasikmalaya,
3370,STAI Muara Bulian Batanghari,
3371,STAI Muhammadiyah (Staim) Blora,
3372,STAI Muhammadiyah Bandung,
3373,STAI Muhammadiyah Garut,
3374,STAI Nahdlatul Ulama (Stainu),
3375,STAI Nahdlatul Ulama (Stainu) Madiun,
3376,STAI Nahdlatul Ulama (Stainu) Malang,
3377,STAI Nahdlatul Ulama (Stainu) Pacitan,
3378,STAI Nahdlatul Ulama (Stainu) Tasikmalaya,
3379,STAI Nahdlatul Wathan Samawa Sumbawa Besar Ntb,
3380,STAI Natuna,
3381,STAI Nazhatut Thullab Sampang Madura,
3382,STAI Nias,
3383,STAI Nurul Falah Airmolek,
3384,STAI Nurul Hidayah Lebak Banten,
3385,STAI Nurul Huda Kapongan Situbondo,
3386,STAI Panca Budi Medan,
3387,STAI Pancawahana (Staipana) Bangil,
3388,STAI Pati (Staip),
3389,STAI Pelabuhan Ratu,
3390,STAI Pelita Bangsa,
3391,STAI Pengembangan Ilmu Al-Qur`An (Staipiq),
3392,STAI Persis Bandung,
3393,STAI Persis Garut,
3394,STAI Pertinu Padangsidimpuan,
3395,STAI Ptdii Jakarta,
3396,STAI Ptiq Kota Banda Aceh,
3397,STAI Pui Majalengka,
3398,STAI Putra Galuh Ciamis,
3399,STAI Rasyidiyah Khalidiyah (Rakha) Amuntai,
3400,STAI Raudhatul Akmal,
3401,STAI Rawa Aopa Konawe Selatan,
3402,STAI Riyadhul Jannah Subang,
3403,STAI Rokan,
3404,STAI Sabili Bandung,
3405,STAI Said Perintah Masohi,
3406,STAI Salahuddin Pasuruan,
3407,STAI Samora Pematang Siantar,
3408,STAI Sangatta,
3409,STAI Sayid Sabiq Indramayu,
3410,STAI Sebelas April Sumedang,
3411,STAI Sepakat Segenep Kutacane Aceh Tenggara,
3412,STAI Serdang Lubuk Pakam,
3413,STAI Shalahuddin Al-Ayyubi Jakarta Utara,
3414,STAI Siliwangi Bandung,
3415,STAI Siliwangi Garut,
3416,STAI Solok Nan Indah,
3417,STAI Sufyan Tsauri Majenang,
3418,STAI Sukabumi,
3419,STAI Sultan Abdur Rahman,
3420,STAI Sulthan Syarif Hasim,
3421,STAI Sunan Pandanaran Yogyakarta,
3422,STAI Syaichona Moh. Cholil Bangkalan,
3423,STAI Syamsul Ulum Gunung Puyuh,
3424,STAI Syekh Abdur Rauf Singkil,
3425,STAI Syekh H. Abdul Halim Hasan Al-Islahiyah Binjai,
3426,STAI Syekh Manshur Pandeglang,
3427,STAI Syekh Maulana Qori (Smq) Bangko,
3428,STAI Tapaktuan Aceh Selatan,
3429,STAI Taruna Surabaya,
3430,STAI Tasikmalaya,
3431,STAI Taswirul Afkar Surabaya,
3432,STAI Tebing Tinggi Deli,
3433,STAI Terpadu Yogyakarta,
3434,STAI Tgk. Chik Pante Kulu Kota Banda Aceh,
3435,STAI Tuanku Tambusai,
3436,STAI Tulang Bawang,
3437,STAI Uisu,
3438,STAI Umar Bin Khattab Di Ujunggading,
3439,STAI Walisembilan Semarang (Setiaws),
3440,STAI Washilatul Falah,
3441,STAI Wasilatul Falah,
3442,STAI Yamisa Soreang,
3443,STAI Yamra Merauke,
3444,STAI Yapata Al-Jawami Bandung,
3445,STAI Yapis Takalar,
3446,STAI Yapnas Jeneponto,
3447,STAI Yaptip Simpang Empat Pasaman Barat,
3448,STAI Yasba Kalianda Lampung Selatan,
3449,STAI Yayasan Nurul Islam (Yasni) Muara Bungo,
3450,STAI Yayasan Tarbiyah Islamiyah (Yastis) Lubuk Bagalung Padang,
3451,STAI Ydi Lubuk Sikaping,
3452,STAI Yogyakarta Wonosari,
3453,STAI Ypbwi Surabaya,
3454,STAI Ypiq Baubau,
3455,STAI Ypk Imam Bonjol Padang Panjang,
3456,STAIN Al-Fatah Jayapura,
3457,STAIN Bengkalis,
3458,STAIN Gajah Putih Takengon Aceh Tengah,
3459,STAIN Kediri,
3460,STAIN Pamekasan,
3461,STAIN Sorong,
3462,STAIN Tengku Dirundeng Meulaboh,
3463,STAIN Watampone,
3464,Stainu Kotabumi Lampung Utara,
3465,Stak Anak Bangsa,
3466,Stak Negeri Ambon,
3467,Stak Negeri Kupang,
3468,Stak Negeri Palangka Raya,
3469,Stak Negeri Sentani,
3470,Stak Negeri Tarutung,
3471,Stak Negeri Toraja,
3472,Stba Haji Agus Salim,10.0
3473,Stba Persahabatan Internasional Asia,1.0
3474,Stebi Global Mulia Cikarang,
3475,Stebis Al-Ulum Terpadu Medan,
3476,Stei Al Amar Subang Jawa Barat,
3477,Stei Ar - Rachman,
3478,Stei Ar Risalah Ciamis Jawa Barat,
3479,Stei Iqra Annisa Pekanbaru,
3480,Stei Lppm Padalarang,
3481,Stei Tiara Rawamangun,
3482,Stei Walisongo Sampang,
3483,Stft Gki Izaak Samuel Kijne Jayapura,14.0
3484,Sti Ekonomi Syari`Ah Baktiya Aceh Utara,
3485,STIA &Amp; Pemerintahan Annisa Dwi Salfarizi,2.0
3486,STIA Abdul Azis Kataloka,12.0
3487,STIA Asuh Mitra Solo,6.0
3488,STIA Bala Putra Dewa,2.0
3489,STIA Bina Banua Banjarmasin,11.0
3490,STIA Bina Nusantara Mandiri Pariaman,10.0
3491,STIA Dan Manajemen Kepelabuhan Barunawati,7.0
3492,STIA Nusantara Sakti Sungai Penuh,10.0
3493,STIA Puangrimaggalatung,9.0
3494,STIA-Lembaga Administrasi Negara Bandung,
3495,STIA-Lembaga Administrasi Negara Jakarta,
3496,STIA-Lembaga Administrasi Negara Makassar,
3497,Stid Al-Hadid Surabaya,
3498,Stid Dirosat Islamiyah Al-Hikmah Mampang Jakarta Selatan,
3499,Stid Mohammad Natsir Bekasi,
3500,Stid Mustafa Ibrahim Al-Ishlahuddiny Kediri Lombok Barat Ntb,
3501,STIE Akuntansi Dan Bisnis Internasional,1.0
3502,STIE Bumi Persada Lhokseumawe,13.0
3503,STIE Dharma Negara,4.0
3504,STIE Graha Karya Muara Bulian,10.0
3505,STIE Harapan Duri,10.0
3506,STIE Ibek Pangkalpinang Bangka,2.0
3507,STIE Ibmi Medan,1.0
3508,STIE Indonesia Banking School,3.0
3509,STIE Jakarta International College,3.0
3510,STIE Mahaputra Riau,10.0
3511,STIE Manajemen Bisnis Indonesia,3.0
3512,STIE Muhammadiyah Paciran Lamongan,7.0
3513,STIE Muhammadiyah Pekalongan,6.0
3514,STIE Nagoya Indonesia,10.0
3515,STIE Nias Selatan,1.0
3516,STIE Nobel Indonesia Makassar,9.0
3517,STIE Ottow &Amp; Geissler Fak-Fak,14.0
3518,STIE Pariwisata Internasional,3.0
3519,STIE Pasim Sukabumi,4.0
3520,STIE Pengembangan Bisnis Dan Manajemen,3.0
3521,STIE Prakarti Mulya,10.0
3522,STIE Saint Theresa,14.0
3523,STIE Syari`Ah Al-Mujaddid,
3524,STIE Unisadhuguna,3.0
3525,STIE Widyaswara Indonesia,10.0
3526,STIE Ybpk Palangka Raya,11.0
3527,Stieb Perdana Mandiri,4.0
3528,Sties Indonesia Purwakarta,
3529,Stih Indonesia Jentera,3.0
3530,Stih Litigasi,3.0
3531,Stih Putri Maharaja,10.0
3532,STIKES Adi Husada,
3533,STIKES Al-Insyirah Pekanbaru,10.0
3534,STIKES As Syifa,1.0
3535,STIKES Kusuma Bangsa,
3536,STIKES Lakipadada,9.0
3537,STIKES Mamba Ul Ulum Surakarta,
3538,STIKES Muhammadiyah Kuningan,4.0
3539,STIKES Namira Madina,1.0
3540,STIKES Pamenang,7.0
3541,STIKES Panti Waluya Malang,
3542,STIKES Pelita Ibu,
3543,STIKES Prima Indonesia,4.0
3544,STIKES Rs Baptis Kediri,
3545,Stiki Malang,7.0
3546,STIKOM Muhammadiyah Jayapura,14.0
3547,STIKOM Tunas Bangsa,1.0
3548,Stikpar Toraja,
3549,Stiks Tamalanrea Makassar,9.0
3550,Stiks Tarakanita,3.0
3551,Stimi Banjarmasin,11.0
3552,Stimi Samarinda,11.0
3553,Stimik Kupang,15.0
3554,Stimik Lamappapoleonro,9.0
3555,Stimik Tunas Bangsa Banjarnegara,6.0
3556,STIP Graha Karya,10.0
3557,Stipar Ende,
3558,Stipas Keuskupan Agung Kupang,
3559,Stipas St.Sirilus Ruteng,
3560,Stipas Tahasak Danum Pambelum Keuskupan Palangkaraya,
3561,Stiper Muhammadiyah Tanah Grogot,11.0
3562,Stiper Santo Thomas Aquinas Jayapura,14.0
3563,Stiper Sawahlunto Sijunjung,10.0
3564,Stipsi Abdi Nusa,2.0
3565,Stipsi Widya Dharma,2.0
3566,Stiq Kepulauan Riau,
3567,Stiq Miftahul Huda Rawalo Banyumas Jawa Tengah,
3568,STIS Al-Hilal Sigli Kab. Pidie,
3569,STIS Al-Hilal Sigli Pidie,
3570,STIS Al-Wahidiyah Kediri Jawa Timur,
3571,STIS As-Sa'Adah Sukasari Sumedang,
3572,STIS Darul Falah Pagutan Mataram Ntb,
3573,STIS Faqih Asy`Ari,
3574,STIS Samarinda,
3575,Stisip Bina Generasi Polewali,9.0
3576,Stisip Bina Marta,2.0
3577,Stisip Bina Putera Banjar,4.0
3578,Stisip Guna Nusantara,4.0
3579,Stisip Imam Bonjol,10.0
3580,Stisip Kartika Bangsa,5.0
3581,Stisip Margarana,8.0
3582,Stisip Merdeka Manado,16.0
3583,Stisip Muhammadiah Sinjai,9.0
3584,Stisip Muhammadiyah Madiun,7.0
3585,Stisip Muhammadiyah Rappang,9.0
3586,Stisip Nurdin Hamzah,10.0
3587,Stisip Padang,10.0
3588,Stisip Panca Bhakti Palu,16.0
3589,Stisip Petta Baringeng Soppeng,9.0
3590,Stisip Setia Budhi,4.0
3591,Stisip Silas Papare Jayapura,14.0
3592,Stisip Syamsul Ulum,4.0
3593,Stisip Tasikmalaya,4.0
3594,Stisip Trimasda Cilegon,4.0
3595,Stisip Widyapuri Mandiri,4.0
3596,Stisip Yupentek Tangerang,4.0
3597,Stisipol Candradimuka,2.0
3598,Stisipol Mujahidin,16.0
3599,Stisipol Pahlawan 12,2.0
3600,Stisipol Yaleka Maro,14.0
3601,Stit Al-Amin Indramayu,
3602,Stit Al-Amin Kreo Tangerang,
3603,Stit Al-Anshar Tanjung Selor Bulungan,
3604,Stit Al-Azami Cianjur,
3605,Stit Al-Aziziyah Kapek Gunungsari Lombok Barat Nusa Tenggara,
3606,Stit Al-Falah Rimbo Bujang,
3607,Stit Al-Hidayah Tasikmalaya,
3608,Stit Al-Hikmah Tebing Tinggi Sumatera Utara,
3609,Stit Al-Ibrohimy Bangkalan,
3610,Stit Al-Khairiyah Citangkil Cilegon,
3611,Stit Al-Marhalah Al-`Ulya Bekasi,
3612,Stit Al-Muslihun Tlogo Kanaigoro Blitar,
3613,Stit Al-Qur`An Al-Ittifaqiah (Stitqi) Ogan Ilir Sumatera Selatan,
3614,Stit Al-Quraniyah,
3615,Stit Al-Urwatul Wutsqo Jombang,
3616,Stit Al-Washliyah Binjai,
3617,Stit Aqidah Usymuni Sumenep,
3618,Stit Ar-Raudhah,
3619,Stit As-Salama Tual Maluku Tenggara,
3620,Stit At-Taqwa Ciparay Bandung,
3621,Stit At-Taqwa Gegerkalong Bandung,
3622,Stit Babussalam,
3623,Stit Balikpapan (Stitba),
3624,Stit Bustanul `Ulum Lampung Tengah,
3625,Stit Darul Hijrah Martapura,
3626,Stit Darul Ulum,
3627,Stit Darussalam Lhokseumawe,
3628,Stit Darussalimin Nahdlatul Wathan Praya Lombok Tengah Nusa Tenggara Barat,
3629,Stit Darussalimin Nw Praya Lombok Tengah Nusa Tenggara Barat,
3630,Stit Hamzah Al-Fansuri Sibolga Barus (Stit Hasiba) Tapanuli Tengah,
3631,Stit Hamzah Fansuri Subulussalam Aceh,
3632,Stit Ibnu Rusyd Grogot Paser,
3633,Stit Ibnu Sina Malang,
3634,Stit Insan Kamil Bogor Jawa Barat,
3635,Stit Iqra` Kapuas Hulu,
3636,Stit Islamic Village Tangerang Banten,
3637,Stit Islamiyah Karya Pembangunan Paron Ngawi,
3638,Stit Jembrana Bali,
3639,Stit Madina Sragen,
3640,Stit Makhdum Ibrahim (Stitma) Tuban,
3641,Stit Miftahul Ulum Bangkalan,
3642,Stit Misbahul Ulum Gumawang Belitang Oku Timur,
3643,Stit Muhammadiyah Aceh Barat Daya,
3644,Stit Muhammadiyah Bangil,
3645,Stit Muhammadiyah Banjar,
3646,Stit Muhammadiyah Bojonegoro,
3647,Stit Muhammadiyah Kendal,
3648,Stit Muhammadiyah Lumajang,
3649,Stit Muhammadiyah Pacitan,
3650,Stit Muhammadiyah Tempurejo Ngawi,
3651,Stit Multazam,
3652,Stit Nurul Hikmah Cianjur,
3653,Stit Pagar Alam,
3654,Stit Palapa Nusantara Lombok Nusa Tenggara Barat,
3655,Stit Pemalang,
3656,Stit Pringsewu Lampung Selatan,
3657,Stit Pti Al-Hilal Sigli Kab. Pidie,
3658,Stit Raudhatul Ulum,
3659,Stit Serang,
3660,Stit Sunan Giri Bima,
3661,Stit Sunan Giri Trenggalek,
3662,Stit Syamsul Ma`Arif Bontang,
3663,Stit Syarif Abdurrahman Singkawang,
3664,Stit Syekh Burhanuddin Pariaman,
3665,Stit Syekhsaman Al-Hasan,
3666,Stit Tarbiyatun Nisa Sentul-Bogor,
3667,Stit Ya`Mal Tangerang,
3668,Stit Ypi Al-Yaqin Muaro Sijunjung,
3669,Stit Ypi Kerinci,
3670,Stitek Bina Taruna,16.0
3671,Stitek Dharma Yadi Makassar,9.0
3672,Stitnu Al Hikmah Mojokerto,
3673,Stitnu Al-Mahsuni,
3674,Stitnu Sakinah Dharmasraya,
3675,Stiu Al-Mujtama Pamekasan,
3676,Stiu Darul Hikmah Bekasi,
3677,Stiu Dirosat Islamiyah Al-Hikmah Jakarta Selatan,
3678,Stk St. Yakobus Merauke,
3679,Stk Touye Paapaa Deiyai Keuskupan Timika,
3680,STKIP La Tansa Mashiro,4.0
3681,STKIP Abdi Wacana Wamena,14.0
3682,STKIP Adzkia,10.0
3683,STKIP Agama Hindu Amlapura,8.0
3684,STKIP Agama Hindu Singaraja,8.0
3685,STKIP Ahlussunnah,10.0
3686,STKIP Aisyiyah Riau,10.0
3687,STKIP Al Amin Dompu,8.0
3688,STKIP Al Azhar Diniyyah Jambi,10.0
3689,STKIP Al Hikmah Surabaya,7.0
3690,STKIP Al-Washliyah,13.0
3691,STKIP Andi Mattappa,9.0
3692,STKIP An-Nur Nangro Aceh,13.0
3693,STKIP Arrahmaniyah,4.0
3694,STKIP Babunnajah Pandeglang,4.0
3695,STKIP Banten,4.0
3696,STKIP Bima,8.0
3697,STKIP Bina Bangsa Getsempena,13.0
3698,STKIP Bina Bangsa Meulaboh,13.0
3699,STKIP Bina Insan Mandiri,7.0
3700,STKIP Budidaya,1.0
3701,STKIP Bumi Persada Lhokseumawe,13.0
3702,STKIP Citra Bina Nusantara,15.0
3703,STKIP Dampal Selatan,16.0
3704,STKIP Darud Da Wah Wal Irsyad Pinrang,9.0
3705,STKIP Darussalam Cilacap,6.0
3706,STKIP Gotong Royong Masohi,12.0
3707,STKIP Hamzar,8.0
3708,STKIP Harapan Bima,8.0
3709,STKIP Hatta Sjahrir,12.0
3710,STKIP Hermon Timika,14.0
3711,STKIP Hunimua,12.0
3712,STKIP Islam Sabilal Muhtadin Banjarmasin,11.0
3713,STKIP Ita Wotu Nusa,12.0
3714,STKIP Kie Raha,12.0
3715,STKIP Kristen Wamena,14.0
3716,STKIP Kusumanegara,3.0
3717,STKIP Labuhan Batu,1.0
3718,STKIP Majenang,6.0
3719,STKIP Modern Ngawi,7.0
3720,STKIP Muhammadiyah Aceh Tengah,13.0
3721,STKIP Muhammadiyah Bangka Belitung,2.0
3722,STKIP Muhammadiyah Barru,9.0
3723,STKIP Muhammadiyah Blora,6.0
3724,STKIP Muhammadiyah Bogor,4.0
3725,STKIP Muhammadiyah Bone,9.0
3726,STKIP Muhammadiyah Bulukumba,9.0
3727,STKIP Muhammadiyah Kalabahi,15.0
3728,STKIP Muhammadiyah Kuningan,4.0
3729,STKIP Muhammadiyah Lumajang,7.0
3730,STKIP Muhammadiyah Manokwari,14.0
3731,STKIP Muhammadiyah Muara Bungo,10.0
3732,STKIP Muhammadiyah Palopo,9.0
3733,STKIP Muhammadiyah Sampit,11.0
3734,STKIP Muhammadiyah Sorong,14.0
3735,STKIP Muhammadiyah Sungai Penuh,10.0
3736,STKIP Mutiara Banten,4.0
3737,STKIP Nahdlatul Ulama Indramayu,4.0
3738,STKIP Nahdlatul Ulama Kabupaten Tegal,6.0
3739,STKIP Nasional,10.0
3740,STKIP Nias Selatan,1.0
3741,STKIP Nurul Huda Di Sukaraja,2.0
3742,STKIP Nusa Bunga Floresta,15.0
3743,STKIP Pamane Talino,11.0
3744,STKIP Panca Sakti Bekasi,4.0
3745,STKIP Pancakarya,4.0
3746,STKIP Pangeran Antasari,1.0
3747,STKIP Pangeran Dharma Kusuma Segeran Juntinyuat Indramayu,4.0
3748,STKIP Paracendekia N W Sumbawa,8.0
3749,STKIP Paris Barantai,11.0
3750,STKIP Pelita Nusantara Buton,9.0
3751,STKIP Pelita Pratama,4.0
3752,STKIP Pembangunan Indonesia,9.0
3753,STKIP Persada Khatulistiwa,11.0
3754,STKIP Persada Khatulistiwa Sintang,11.0
3755,STKIP Persatuan Islam,4.0
3756,STKIP Pesisir Selatan,10.0
3757,STKIP Pgri Bandar Lampung,2.0
3758,STKIP Pgri Bangkalan,7.0
3759,STKIP Pgri Banjarmasin,11.0
3760,STKIP Pgri Blitar,7.0
3761,STKIP Pgri Jombang,7.0
3762,STKIP Pgri Lamongan,7.0
3763,STKIP Pgri Lubuk Linggau,2.0
3764,STKIP Pgri Lumajang,7.0
3765,STKIP Pgri Metro,2.0
3766,STKIP Pgri Nganjuk,7.0
3767,STKIP Pgri Pacitan,7.0
3768,STKIP Pgri Pasuruan,7.0
3769,STKIP Pgri Ponorogo,7.0
3770,STKIP Pgri Sampang,7.0
3771,STKIP Pgri Sidoarjo,7.0
3772,STKIP Pgri Sukabumi,4.0
3773,STKIP Pgri Sumatera Barat,10.0
3774,STKIP Pgri Sumenep,7.0
3775,STKIP Pgri Trenggalek,7.0
3776,STKIP Pgri Tulungagung,7.0
3777,STKIP Puangrimaggalatung Sengkang,9.0
3778,STKIP Purnama,3.0
3779,STKIP Rokania,10.0
3780,STKIP Santu Paulus,15.0
3781,STKIP Sebelas April,4.0
3782,STKIP Sera,4.0
3783,STKIP Setiabudhi,4.0
3784,STKIP Siliwangi,4.0
3785,STKIP Simbiosis,15.0
3786,STKIP Sinar Cendekia,4.0
3787,STKIP Sinar Pancasila,15.0
3788,STKIP Singkawang,11.0
3789,STKIP Situs Banten Di Serang,4.0
3790,STKIP Soe,15.0
3791,STKIP Suar Bangli,8.0
3792,STKIP Subang,4.0
3793,STKIP Surya,4.0
3794,STKIP Syekh Manshur,4.0
3795,STKIP Taman Siswa Bima,8.0
3796,STKIP Tunas Palapa,2.0
3797,STKIP Veteran Sidrap,9.0
3798,STKIP Weetebula,15.0
3799,STKIP Widyaswara Indonesia,10.0
3800,STKIP Yapis Dompu,8.0
3801,STKIP Yapti Jeneponto,9.0
3802,STKIP Yasika,4.0
3803,STKIP Yayasan Abdi Pendidikan,10.0
3804,STKIP Ydb Lubuk Alung,10.0
3805,STKIP Ypm Bangko,10.0
3806,STKIP Ypup Makassar,9.0
3807,Stkpk Bina Insan,
3808,STMIK Adhi Guna,16.0
3809,STMIK Akakom,5.0
3810,STMIK Aki Pati,6.0
3811,STMIK AMIK Bandung,4.0
3812,STMIK AMIK Riau,10.0
3813,STMIK Amikom Purwokerto,6.0
3814,STMIK Asia Malang,7.0
3815,STMIK Aub Surakarta,6.0
3816,STMIK Bandung Bali,8.0
3817,STMIK Bani Saleh,4.0
3818,STMIK Banjarbaru,11.0
3819,STMIK Bina Bangsa,13.0
3820,STMIK Bina Insani,4.0
3821,STMIK Bina Mulia,16.0
3822,STMIK Bina Patria,6.0
3823,STMIK Borneo Internasional,11.0
3824,STMIK Budi Darma,1.0
3825,STMIK Bumi Gora,8.0
3826,STMIK Catur Sakti Kendari,9.0
3827,STMIK Cikarang,4.0
3828,STMIK Citra Mandiri Padangsidimpuan,1.0
3829,STMIK Dci,4.0
3830,STMIK Dharma Negara,4.0
3831,STMIK Dharma Putra,4.0
3832,STMIK Dharma Wacana,2.0
3833,STMIK Dian Cipta Cendikia Kotabumi,2.0
3834,STMIK Dipanegara Makassar,9.0
3835,STMIK Dumai,10.0
3836,STMIK Eresha,3.0
3837,STMIK Global Informatika Mdp,2.0
3838,STMIK Handayani Makassar,9.0
3839,STMIK Hang Tuah Pekanbaru,10.0
3840,STMIK Hasan Sulur Wonomulyo,9.0
3841,STMIK Himsya,6.0
3842,STMIK Ibbi,1.0
3843,STMIK Ikmi Cirebon,4.0
3844,STMIK Indonesia Banda Aceh,13.0
3845,STMIK Indonesia Banjarmasin,11.0
3846,STMIK Indonesia Jakarta,3.0
3847,STMIK Indonesia Padang,10.0
3848,STMIK Indragiri,10.0
3849,STMIK Islam Internasional,3.0
3850,STMIK Itmi Medan,1.0
3851,STMIK Jabar,4.0
3852,STMIK Jakarta Sti&Amp;K,3.0
3853,STMIK Jaya Nusa,10.0
3854,STMIK Kadiri,7.0
3855,STMIK Kaputama,1.0
3856,STMIK Kharisma Karawang,4.0
3857,STMIK Kharisma Makassar,9.0
3858,STMIK Kreatindo Manokwari,14.0
3859,STMIK Kristen Neumann Indonesia,1.0
3860,STMIK Likmi,4.0
3861,STMIK Logika,1.0
3862,STMIK Lombok,8.0
3863,STMIK Mardira Indonesia,4.0
3864,STMIK Masa Depan,4.0
3865,STMIK Mbc Palembang,2.0
3866,STMIK Mercusuar,4.0
3867,STMIK Methodist Binjai,1.0
3868,STMIK Mic Cikarang,4.0
3869,STMIK Mikroskil,1.0
3870,STMIK Mitra Lampung,2.0
3871,STMIK Muhammadiyah Banten,4.0
3872,STMIK Muhammadiyah Paguyangan Brebes,6.0
3873,STMIK Multicom Bolaan Mongondow,16.0
3874,STMIK Musi Rawas,2.0
3875,STMIK Nurdin Hamzah,10.0
3876,STMIK Nusa Mandiri Jakarta,3.0
3877,STMIK Palangka Raya,11.0
3878,STMIK Palcomtech,2.0
3879,STMIK Pamitran,4.0
3880,STMIK Parnaraya,16.0
3881,STMIK Pasim Sukabumi,4.0
3882,STMIK Pelita Nusantara Medan,1.0
3883,STMIK Pgri Tangerang,4.0
3884,STMIK Ppkia Pradnya Paramita,7.0
3885,STMIK Ppkia Tarakanita Rahmawati Tarakan,11.0
3886,STMIK Pranata Indonesia,4.0
3887,STMIK Primakara,8.0
3888,STMIK Pringsewu,2.0
3889,STMIK Profesional Makassar,9.0
3890,STMIK Raharja,4.0
3891,STMIK Rosma,4.0
3892,STMIK Sentra Pendidikan Bisnis,11.0
3893,STMIK Sinar Nusantara,6.0
3894,STMIK Subang,4.0
3895,STMIK Surya Intan,2.0
3896,STMIK Swadharma,3.0
3897,STMIK Tasikmalaya,4.0
3898,STMIK Tidore Mandiri,12.0
3899,STMIK Time,1.0
3900,STMIK Triguna Dharma,1.0
3901,STMIK Triguna Utama,4.0
3902,STMIK Tulus Cendekia,4.0
3903,STMIK Tunas Bangsa,2.0
3904,STMIK Widuri,3.0
3905,STMIK Widya Cipta Dharma,11.0
3906,STMIK Widya Dharma,11.0
3907,STMIK Widya Pratama,6.0
3908,STMIK Widya Utama,6.0
3909,STMIK Wit Cirebon,4.0
3910,STMIK Yadika Bangil,7.0
3911,STMIK Ymi Tegal,6.0
3912,STP Dian Mandala Gunung Sitoli Nias Keuskupan Sibolga,
3913,STP Don Bosco Tomohon,
3914,STP- Ipi Malang,
3915,STP St. Bonaventura Delitua Medan,
3916,Stpak St. Yohanes Penginjil Ambon,
3917,Stpk St. Benediktus,
3918,Stpk St. Yohanes Rasul Jayapura,
3919,STT Internasional Harvest Semarang,
3920,STT Agape Indonesia Misi Internasional (Aimi),
3921,STT Anugerah Sinagoge Medan,
3922,STT Anugrah,
3923,STT Anugrah Indonesia,
3924,STT Arastamar Mataram,
3925,STT Arastamar Riau,
3926,STT Arastamar Wamena,
3927,STT Bala Keselamatan Palu,
3928,STT Berita Kitab Wahyu International,
3929,STT Bethel Bekasi,
3930,STT Bethel Indonesia Jakarta,
3931,STT Biblika Jakarta,
3932,STT Bina Muda Wirawan Tangerang,
3933,STT Bisanry Makassar,
3934,STT Ebenhaezer Tanjung Enim,
3935,STT Ekumene Jakarta,
3936,STT Gereja Injili Di Indonesia,
3937,STT Gereja Kristen Sumba,
3938,STT Ikat Di Batam,
3939,STT Indonesia Manado (Stti Manado),
3940,STT Injili Arastamar Nias Selatan,
3941,STT Injili Di Palembang,
3942,STT Injili Indonesia Kupang,
3943,STT Injili Indonesia Medan,
3944,STT Injili Jakarta,
3945,STT Injili Setia Siau,
3946,STT Internasional Harvest Tangerang,
3947,STT Kalam Mulia Bandung,
3948,STT Kasih Mentawai,
3949,STT Kerusso Indonesia Bekasi,
3950,STT Lighthouse Equipping Theological School (Lets),
3951,STT Lintas Budaya Batam,
3952,STT Minyak Dan Gas Cilacap,6.0
3953,STT Oikumene Injili Sidikalang,
3954,STT Pelita Dunia Banten,
3955,STT Pelita Hati,
3956,STT Periago,
3957,STT Permata Bangsa Barito,
3958,STT Pokok Anggur Jakarta,
3959,STT Rumah Murid Kristus Bitung,
3960,STT Samuel Elizabeth,
3961,STT Skriptura Indonesia,
3962,STT Soe Prov. Nusa Tenggara Timur,
3963,STT Sola Fide,
3964,STT Sriwijaya Palembang,
3965,STT Star'S Lub Luwuk Banggai,
3966,STT Sulbar Di Mamuju,
3967,STT Tabernakel Indonesia Surabaya,
3968,STT Trinity Parapat,
3969,STT Yesyurun Arastamar Seriti Luwu,
3970,Universitas Harapan Bangsa,6.0
3971,Universitas 17 Agustus 1945 Banyuwangi,7.0
3972,Universitas 17 Agustus 1945 Cirebon,4.0
3973,Universitas 17 Agustus 1945 Jakarta,3.0
3974,Universitas 17 Agustus 1945 Samarinda,11.0
3975,Universitas 17 Agustus 1945 Semarang,6.0
3976,Universitas 17 Agustus 1945 Surabaya,7.0
3977,Universitas 45 Mataram,8.0
3978,Universitas 45 Surabaya,7.0
3979,Universitas Abdurachman Saleh,7.0
3980,Universitas Abdurrab,10.0
3981,Universitas Abulyatama,13.0
3982,Universitas Achmad Yani Banjarmasin,11.0
3983,Universitas Adhirajasa Reswara Sanjaya,4.0
3984,Universitas Adiwangsa Jambi,10.0
3985,Universitas Advent Indonesia,4.0
3986,Universitas Agung Podomoro,3.0
3987,Universitas Ahmad Dahlan,5.0
3988,Universitas Airlangga,
3989,Universitas Aisyah Pringsewu,
3990,Universitas Aisyiyah Bandung,
3991,Universitas Aisyiyah Surakarta,6.0
3992,Universitas Aisyiyah Yogyakarta,5.0
3993,Universitas Aki,6.0
3994,Universitas Al Asyariah Mandar,9.0
3995,Universitas Al Azhar Indonesia,3.0
3996,Universitas Al Muslim,13.0
3997,Universitas Al Washliyah,1.0
3998,Universitas Al-Azhar,1.0
3999,Universitas Al-Azhar Indonesia,3.0
4000,Universitas Al-Ghifari,4.0
4001,Universitas Alkhairaat,16.0
4002,Universitas Al-Khairiyah,4.0
4003,Universitas Alma Ata,5.0
4004,Universitas Alma Ata Yogyakarta,5.0
4005,Universitas Almuslim,
4006,Universitas Al-Muslim,13.0
4007,Universitas Alwashliyah,1.0
4008,Universitas Al-Washliyah Labuhan Batu,1.0
4009,Universitas Amal Ilmiah Yapis Wamena,14.0
4010,Universitas Amikom Purwokerto,6.0
4011,Universitas Amikom Yogyakarta,5.0
4012,Universitas Amir Hamzah,1.0
4013,Universitas An Nuur,6.0
4014,Universitas Andalas,
4015,Universitas Andalas Kampus Ii Payakumbuh,
4016,Universitas Andi Djemma Palopo,9.0
4017,Universitas Antakusuma,11.0
4018,Universitas Aryasatya Deo Muri,15.0
4019,Universitas Asahan,1.0
4020,Universitas Atma Jaya Makassar,9.0
4021,Universitas Atma Jaya Yogyakarta,5.0
4022,Universitas Audi Indonesia,1.0
4023,Universitas Aufa Royhan,1.0
4024,Universitas Baiturrahmah,10.0
4025,Universitas Bakrie,3.0
4026,Universitas Bakti Indonesia,7.0
4027,Universitas Bale Bandung,4.0
4028,Universitas Bali Internasional,8.0
4029,Universitas Balikpapan,11.0
4030,Universitas Bandar Lampung,2.0
4031,Universitas Bandung Raya,4.0
4032,Universitas Bangka Belitung,
4033,Universitas Banten Jaya,4.0
4034,Universitas Batam,10.0
4035,Universitas Batanghari,10.0
4036,Universitas Batanghari Jambi,10.0
4037,Universitas Battuta,1.0
4038,Universitas Baturaja,2.0
4039,Universitas Bengkulu,
4040,Universitas Bhakti Kencana,
4041,Universitas Bhayangkara Jakarta Raya,3.0
4042,Universitas Bhayangkara Surabaya,7.0
4043,Universitas Bhinneka Pgri,7.0
4044,Universitas Billfath,7.0
4045,Universitas Bina Bangsa,4.0
4046,Universitas Bina Bangsa Getsempena,13.0
4047,Universitas Bina Darma,2.0
4048,Universitas Bina Darma Palembang,2.0
4049,Universitas Bina Insan,2.0
4050,Universitas Bina Insani,4.0
4051,Universitas Bina Mandiri Gorontalo,16.0
4052,Universitas Bina Nusantara,3.0
4053,Universitas Bina Sarana Informatika,3.0
4054,Universitas Bina Taruna Gorontalo,16.0
4055,Universitas Binaniaga Indonesia,4.0
4056,Universitas Binawan,3.0
4057,Universitas Bojonegoro,7.0
4058,Universitas Bondowoso,7.0
4059,Universitas Borneo Tarakan,
4060,Universitas Borobudur,3.0
4061,Universitas Bosowa,9.0
4062,Universitas Bosowa Makassar,9.0
4063,Universitas Boyolali,6.0
4064,Universitas Brawijaya,
4065,Universitas BSI,4.0
4066,Universitas Buana Perjuangan Karawang,4.0
4067,Universitas Buddhi Dharma,4.0
4068,Universitas Budi Darma,1.0
4069,Universitas Budi Luhur,3.0
4070,Universitas Bumi Hijrah Tidore,12.0
4071,Universitas Bumigora,8.0
4072,Universitas Bunda Mulia,3.0
4073,Universitas Bung Hatta,10.0
4074,Universitas Bung Karno,3.0
4075,Universitas Catur Insan Cendekia,4.0
4076,Universitas Cendekia Abditama,4.0
4077,Universitas Cenderawasih,
4078,Universitas Ciputra,7.0
4079,Universitas Ciputra Surabaya,7.0
4080,Universitas Citra Bangsa,15.0
4081,Universitas Cokroaminoto,5.0
4082,Universitas Cokroaminoto Makassar,9.0
4083,Universitas Cokroaminoto Palopo,9.0
4084,Universitas Cokroaminoto Yogyakarta,5.0
4085,Universitas Cordova,8.0
4086,Universitas Cut Nyak Dhien,1.0
4087,Universitas Darma Agung,1.0
4088,Universitas Darma Persada,3.0
4089,Universitas Darul Ulum,7.0
4090,Universitas Darul `Ulum,7.0
4091,Universitas Darul Ulum Islamic Centre Sudirman,6.0
4092,Universitas Darul Ulum Islamic Centre Sudirman Guppi,6.0
4093,Universitas Darussalam Ambon,12.0
4094,Universitas Darussalam Gontor,7.0
4095,Universitas Darwan Ali,11.0
4096,Universitas Dayanu Ikhsanuddin,9.0
4097,Universitas Dehasen Bengkulu,2.0
4098,Universitas Dharma Andalas,10.0
4099,Universitas Dharmas Indonesia,10.0
4100,Universitas Dharmas Indonesia Padang,10.0
4101,Universitas Dharmawangsa,1.0
4102,Universitas Dhyana Pura,8.0
4103,Universitas Dian Nusantara,3.0
4104,Universitas Dian Nuswantoro,6.0
4105,Universitas Dinamika,7.0
4106,Universitas Dinamika Bangsa,10.0
4107,Universitas Dipa Makassar,9.0
4108,Universitas Diponegoro,
4109,Universitas Dirgantara Marsekal Suryadarma,3.0
4110,Universitas Djuanda,4.0
4111,Universitas Doktor Nugroho Magetan,7.0
4112,Universitas Dr Soetomo,7.0
4113,Universitas Dr. Soetomo,7.0
4114,Universitas Dumoga Kotamobagu,16.0
4115,Universitas Duta Bangsa Surakarta,6.0
4116,Universitas Dwijendra,8.0
4117,Universitas Efarina,1.0
4118,Universitas Ekasakti,10.0
4119,Universitas Esa Unggul,3.0
4120,Universitas Fajar,9.0
4121,Universitas Fajar Makassar,9.0
4122,Universitas Faletehan,4.0
4123,Universitas Flores,15.0
4124,Universitas Fort De Kock,10.0
4125,Universitas Gadjah Mada,
4126,Universitas Gajah Putih,13.0
4127,Universitas Gajayana,7.0
4128,Universitas Galuh,4.0
4129,Universitas Galuh Ciamis,4.0
4130,Universitas Garut,4.0
4131,Universitas Global Jakarta,4.0
4132,Universitas Gorontalo,16.0
4133,Universitas Graha Nusantara,1.0
4134,Universitas Gresik,7.0
4135,Universitas Gunadarma,3.0
4136,Universitas Gunung Kidul,5.0
4137,Universitas Gunung Leuser Aceh,13.0
4138,Universitas Gunung Rinjani,8.0
4139,Universitas Haji Sumatera Utara,1.0
4140,Universitas Halim Sanusi,4.0
4141,Universitas Halmahera,12.0
4142,Universitas Halu Oleo,
4143,Universitas Haluoleo,
4144,Universitas Hamzanwadi,8.0
4145,Universitas Hang Tuah,7.0
4146,Universitas Harapan,1.0
4147,Universitas Harapan Medan,1.0
4148,Universitas Hasanuddin,
4149,Universitas Hasyim Asy'Ari Tebuireng Jombang,7.0
4150,Universitas Hayam Wuruk Perbanas Surabaya,7.0
4151,Universitas Hein Namotemo,12.0
4152,Universitas Hindu Indonesia,8.0
4153,Universitas Hindu Negeri I Gusti Bagus Sugriwa Denpasar,
4154,Universitas Hkbp Nommensen,1.0
4155,Universitas Hkbp Nommensen Pematangsiantar,1.0
4156,Universitas Iba,2.0
4157,Universitas Iba Palembang,2.0
4158,Universitas Ibbi,1.0
4159,Universitas Ibn Khaldun,4.0
4160,Universitas Ibnu Chaldun,3.0
4161,Universitas Ibnu Chaldun Jakarta,3.0
4162,Universitas Ibnu Sina,10.0
4163,Universitas Ibrahimy,7.0
4164,Universitas Ibrahimy Sukorejo Situbondo,7.0
4165,Universitas Ichsan Gorontalo,16.0
4166,Universitas Imelda Medan,1.0
4167,Universitas Indo Global Mandiri,2.0
4168,Universitas Indonesia,
4169,Universitas Indonesia Mandiri,4.0
4170,Universitas Indonesia Membangun,4.0
4171,Universitas Indonesia Timur,9.0
4172,Universitas Indraprasta Pgri,3.0
4173,Universitas Informatika Dan Bisnis Indonesia,4.0
4174,Universitas Insan Cendekia Mandiri,4.0
4175,Universitas Internasional Batam,10.0
4176,Universitas Internasional Semen Indonesia,7.0
4177,Universitas Iqra Buru,12.0
4178,Universitas Iskandar Muda,13.0
4179,Universitas Islam 45,4.0
4180,Universitas Islam 45 Bekasi,4.0
4181,Universitas Islam Al-Azhar,
4182,Universitas Islam Al-Azhar Mataram,8.0
4183,Universitas Islam Al-Ihya Kuningan,4.0
4184,Universitas Islam As-Syafi Iyah,
4185,Universitas Islam As-Syafiiyah,3.0
4186,Universitas Islam As-Syafi'Iyah,
4187,Universitas Islam Balitar,7.0
4188,Universitas Islam Bandung,4.0
4189,Universitas Islam Batik,6.0
4190,Universitas Islam Darul `Ulum,7.0
4191,Universitas Islam Darul 'Ulum,7.0
4192,Universitas Islam Indonesia,5.0
4193,Universitas Islam Indragiri,10.0
4194,Universitas Islam Jakarta,3.0
4195,Universitas Islam Jember,7.0
4196,Universitas Islam Kadiri,7.0
4197,Universitas Islam Kalimantan Muhammad Arsyad Al Banjari Banjarmasin,11.0
4198,Universitas Islam Kalimantan Muhammad Arsyad Al-Banjary Banjarmasin,11.0
4199,Universitas Islam Kebangsaan,13.0
4200,Universitas Islam Kebangsaan Indonesia,13.0
4201,Universitas Islam Kuantan Singingi,10.0
4202,Universitas Islam Labuhan Batu,1.0
4203,Universitas Islam Lamongan,7.0
4204,Universitas Islam Madura,7.0
4205,Universitas Islam Majapahit,7.0
4206,Universitas Islam Makassar,9.0
4207,Universitas Islam Malang,7.0
4208,Universitas Islam Nahdlatul Ulama Jepara,6.0
4209,Universitas Islam Negeri Alauddin,
4210,Universitas Islam Negeri Alauddin Makassar,
4211,Universitas Islam Negeri Antasari Banjarmasin,
4212,Universitas Islam Negeri Ar-Raniry Banda Aceh,
4213,Universitas Islam Negeri Imam Bonjol,
4214,Universitas Islam Negeri Imam Bonjol Padang,
4215,Universitas Islam Negeri Kiai Haji Achmad Siddiq Jember,
4216,Universitas Islam Negeri Mataram,
4217,Universitas Islam Negeri Maulana Malik Ibrahim,
4218,Universitas Islam Negeri Maulana Malik Ibrahim Malang,
4219,Universitas Islam Negeri Raden Fatah,
4220,Universitas Islam Negeri Raden Fatah Palembang,
4221,Universitas Islam Negeri Raden Intan,
4222,Universitas Islam Negeri Raden Intan Lampung,
4223,Universitas Islam Negeri Raden Mas Said Surakarta,
4224,Universitas Islam Negeri Sayyid Ali Rahmatullah Tulungagung,
4225,Universitas Islam Negeri Sultan Aji Muhammad Idris Samarinda,
4226,Universitas Islam Negeri Sultan Maulana Hasanuddin Banten,
4227,Universitas Islam Negeri Sultan Syarif Kasim,
4228,Universitas Islam Negeri Sultan Syarif Kasim Riau,
4229,Universitas Islam Negeri Sultan Thaha Saifuddin Jambi,
4230,Universitas Islam Negeri Sulthan Syarif Kasim,
4231,Universitas Islam Negeri Sulthan Syarif Kasim Riau,
4232,Universitas Islam Negeri Sulthan Thaha Saifuddin,
4233,Universitas Islam Negeri Sulthan Thaha Saifuddin Jambi,
4234,Universitas Islam Negeri Sumatera Utara,
4235,Universitas Islam Negeri Sumatera Utara Medan,
4236,Universitas Islam Negeri Sunan Ampel,
4237,Universitas Islam Negeri Sunan Ampel Surabaya,
4238,Universitas Islam Negeri Sunan Gunung Djati,
4239,Universitas Islam Negeri Sunan Gunung Djati Bandung,
4240,Universitas Islam Negeri Sunan Gunung Jati,
4241,Universitas Islam Negeri Sunan Gunung Jati Bandung,
4242,Universitas Islam Negeri Sunan Kalijaga,
4243,Universitas Islam Negeri Sunan Kalijaga Yogyakarta,
4244,Universitas Islam Negeri Syarif Hidayatullah,
4245,Universitas Islam Negeri Syarif Hidayatullah Jakarta,
4246,Universitas Islam Negeri Walisongo,
4247,Universitas Islam Negeri Walisongo Semarang,
4248,Universitas Islam Nusantara,4.0
4249,Universitas Islam Ogan Komering Ilir Kayuagung,2.0
4250,Universitas Islam Raden Rahmat,7.0
4251,Universitas Islam Riau,10.0
4252,Universitas Islam Sultan Agung,6.0
4253,Universitas Islam Sumatera Utara,1.0
4254,Universitas Islam Syekh Yusuf,4.0
4255,Universitas Islam Syekh Yusuf Tangerang,4.0
4256,Universitas Islam Zainul Hasan Genggong,
4257,Universitas Islam Zainul Hasan Genggong Probolinggo,
4258,Universitas Ivet,6.0
4259,Universitas Jabal Ghafur,13.0
4260,Universitas Jakarta,3.0
4261,Universitas Jambi,
4262,Universitas Janabadra,5.0
4263,Universitas Jayabaya,3.0
4264,Universitas Jember,
4265,Universitas Jenderal Achmad Yani,4.0
4266,Universitas Jenderal Achmad Yani Bandung,4.0
4267,Universitas Jenderal Achmad Yani Yogyakarta,5.0
4268,Universitas Jenderal Soedirman,
4269,Universitas Kader Bangsa,2.0
4270,Universitas Kadiri,7.0
4271,Universitas Kahuripan Kediri,7.0
4272,Universitas Kaltara,11.0
4273,Universitas Kanjuruhan,7.0
4274,Universitas Kapuas,11.0
4275,Universitas Kapuas Sintang,11.0
4276,Universitas Karimun,10.0
4277,Universitas Kartini,7.0
4278,Universitas Karya Husada Semarang,
4279,Universitas Karyadarma Kupang,15.0
4280,Universitas Katolik Atma Jaya Jakarta,3.0
4281,Universitas Katolik Darma Cendika,7.0
4282,Universitas Katolik De La Salle,16.0
4283,Universitas Katolik De La Salle Manado,
4284,Universitas Katolik Indonesia Atma Jaya,3.0
4285,Universitas Katolik Indonesia Santu Paulus Ruteng,15.0
4286,Universitas Katolik Musi Charitas,2.0
4287,Universitas Katolik Parahyangan,4.0
4288,Universitas Katolik Santo Thomas,1.0
4289,Universitas Katolik Soegijapranata,6.0
4290,Universitas Katolik Widya Karya,7.0
4291,Universitas Katolik Widya Mandala Madiun,7.0
4292,Universitas Katolik Widya Mandala Surabaya,7.0
4293,Universitas Katolik Widya Mandira Kupang,15.0
4294,Universitas Kebangsaan,4.0
4295,Universitas Kh. A. Wahab Hasbullah,7.0
4296,Universitas Kh. Bahaudin Mudhary Madura,7.0
4297,Universitas Khairun,
4298,Universitas Khairun Ternate,
4299,Universitas Klabat,16.0
4300,Universitas Komputer Indonesia,4.0
4301,Universitas Krisnadwipayana,3.0
4302,Universitas Kristen Artha Wacana,15.0
4303,Universitas Kristen Duta Wacana,5.0
4304,Universitas Kristen Immanuel,5.0
4305,Universitas Kristen Immanuel Yogyakarta,5.0
4306,Universitas Kristen Indonesia,3.0
4307,Universitas Kristen Indonesia Maluku,12.0
4308,Universitas Kristen Indonesia Paulus,9.0
4309,Universitas Kristen Indonesia Tomohon,16.0
4310,Universitas Kristen Indonesia Toraja,9.0
4311,Universitas Kristen Krida Wacana,3.0
4312,Universitas Kristen Maranatha,4.0
4313,Universitas Kristen Palangka Raya,11.0
4314,Universitas Kristen Palangkaraya,11.0
4315,Universitas Kristen Papua,14.0
4316,Universitas Kristen Papua Sorong,14.0
4317,Universitas Kristen Petra,7.0
4318,Universitas Kristen Satya Wacana,6.0
4319,Universitas Kristen Surakarta,6.0
4320,Universitas Kristen Tentena,16.0
4321,Universitas Kristen Wira Wacana Sumba,15.0
4322,Universitas Kuningan,4.0
4323,Universitas Kusuma Husada Surakarta,
4324,Universitas Kutai Kartanegara Tenggarong,11.0
4325,Universitas Labuhanbatu,1.0
4326,Universitas Lakidende Unahaa,9.0
4327,Universitas Lambung Mangkurat,
4328,Universitas Lampung,
4329,Universitas Lancang Kuning,10.0
4330,Universitas Langlang Buana,4.0
4331,Universitas Lintas Internasional Indonesia,4.0
4332,Universitas Lumajang,7.0
4333,Universitas Ma Chung,7.0
4334,Universitas Maarif Hasyim Latif,7.0
4335,Universitas Ma'Arif Nahdlatul Ulama Kebumen,6.0
4336,Universitas Madako Tolitoli,16.0
4337,Universitas Madako Toli-Toli,16.0
4338,Universitas Madura,7.0
4339,Universitas Mahadewa Indonesia,8.0
4340,Universitas Mahakarya Asia,5.0
4341,Universitas Mahaputra Muhammad Yamin,10.0
4342,Universitas Mahasaraswati Denpasar,8.0
4343,Universitas Mahendradatta,8.0
4344,Universitas Majalengka,4.0
4345,Universitas Malahayati,2.0
4346,Universitas Malikussaleh,
4347,Universitas Mandala Waluya,
4348,Universitas Maritim Amni,6.0
4349,Universitas Maritim Raja Ali Haji,
4350,Universitas Maritim Raja Ali Haji (Umrah),
4351,Universitas Ma'Soem,4.0
4352,Universitas Matana,3.0
4353,Universitas Mataram,
4354,Universitas Mathla Ul Anwar,4.0
4355,Universitas Mathla`Ul Anwar,4.0
4356,Universitas Mathla'Ul Anwar,
4357,Universitas Mayjen Sungkono,7.0
4358,Universitas Medan Area,1.0
4359,Universitas Mega Buana Palopo,9.0
4360,Universitas Megarezky,9.0
4361,Universitas Megou Pak Tulang Bawang,2.0
4362,Universitas Mercu Buana,3.0
4363,Universitas Mercu Buana Yogyakarta,5.0
4364,Universitas Merdeka Madiun,7.0
4365,Universitas Merdeka Malang,7.0
4366,Universitas Merdeka Pasuruan,7.0
4367,Universitas Merdeka Ponorogo,7.0
4368,Universitas Merdeka Surabaya,7.0
4369,Universitas Methodist Indonesia,1.0
4370,Universitas Mitra Indonesia,2.0
4371,Universitas Mitra Karya,4.0
4372,Universitas Mochammad Sroedji,7.0
4373,Universitas Mohamad Husni Thamrin,3.0
4374,Universitas Mohammad Husni Thamrin,3.0
4375,Universitas Mohammad Husni Thamrin Jakarta,3.0
4376,Universitas Mohammad Natsir Bukittinggi,10.0
4377,Universitas Mpu Tantular,3.0
4378,Universitas Muara Bungo,10.0
4379,Universitas Muhadi Setiabudi,6.0
4380,Universitas Muhadi Setiabudi Brebes,6.0
4381,Universitas Muhammadiyah,9.0
4382,Universitas Muhammadiyah Aceh,13.0
4383,Universitas Muhammadiyah Bandung,4.0
4384,Universitas Muhammadiyah Banjarmasin,11.0
4385,Universitas Muhammadiyah Banten,4.0
4386,Universitas Muhammadiyah Bengkulu,2.0
4387,Universitas Muhammadiyah Berau,11.0
4388,Universitas Muhammadiyah Bone,9.0
4389,Universitas Muhammadiyah Bulukumba,9.0
4390,Universitas Muhammadiyah Buton,9.0
4391,Universitas Muhammadiyah Cirebon,4.0
4392,Universitas Muhammadiyah Enrekang,9.0
4393,Universitas Muhammadiyah Gorontalo,16.0
4394,Universitas Muhammadiyah Gresik,7.0
4395,Universitas Muhammadiyah Jakarta,3.0
4396,Universitas Muhammadiyah Jambi,10.0
4397,Universitas Muhammadiyah Jember,7.0
4398,Universitas Muhammadiyah Kalimantan Timur,11.0
4399,Universitas Muhammadiyah Kendari,9.0
4400,Universitas Muhammadiyah Kotabumi,2.0
4401,Universitas Muhammadiyah Kudus,6.0
4402,Universitas Muhammadiyah Kupang,15.0
4403,Universitas Muhammadiyah Lamongan,7.0
4404,Universitas Muhammadiyah Lampung,2.0
4405,Universitas Muhammadiyah Luwuk Banggai,16.0
4406,Universitas Muhammadiyah Madiun,7.0
4407,Universitas Muhammadiyah Magelang,6.0
4408,Universitas Muhammadiyah Makassar,9.0
4409,Universitas Muhammadiyah Malang,7.0
4410,Universitas Muhammadiyah Maluku Utara,12.0
4411,Universitas Muhammadiyah Mataram,8.0
4412,Universitas Muhammadiyah Metro,2.0
4413,Universitas Muhammadiyah Palangka Raya,11.0
4414,Universitas Muhammadiyah Palembang,2.0
4415,Universitas Muhammadiyah Palopo,9.0
4416,Universitas Muhammadiyah Palu,16.0
4417,Universitas Muhammadiyah Papua,14.0
4418,Universitas Muhammadiyah Parepare,
4419,Universitas Muhammadiyah Pare-Pare,9.0
4420,Universitas Muhammadiyah Pekajangan Pekalongan,6.0
4421,Universitas Muhammadiyah Ponorogo,7.0
4422,Universitas Muhammadiyah Pontianak,11.0
4423,Universitas Muhammadiyah Pontianak (Kampus Sintang),11.0
4424,Universitas Muhammadiyah Pringsewu,2.0
4425,Universitas Muhammadiyah Pringsewu Lampung,2.0
4426,Universitas Muhammadiyah Prof Dr Hamka,3.0
4427,Universitas Muhammadiyah Prof. Dr. Hamka,3.0
4428,Universitas Muhammadiyah Purwokerto,6.0
4429,Universitas Muhammadiyah Purworejo,6.0
4430,Universitas Muhammadiyah Riau,10.0
4431,Universitas Muhammadiyah Semarang,6.0
4432,Universitas Muhammadiyah Sidenreng Rappang,9.0
4433,Universitas Muhammadiyah Sidoarjo,7.0
4434,Universitas Muhammadiyah Sinjai,9.0
4435,Universitas Muhammadiyah Sorong,14.0
4436,Universitas Muhammadiyah Sukabumi,4.0
4437,Universitas Muhammadiyah Sumatera Barat,10.0
4438,Universitas Muhammadiyah Sumatera Utara,1.0
4439,Universitas Muhammadiyah Surabaya,7.0
4440,Universitas Muhammadiyah Surakarta,6.0
4441,Universitas Muhammadiyah Tangerang,4.0
4442,Universitas Muhammadiyah Tapanuli Selatan,1.0
4443,Universitas Muhammadiyah Tasikmalaya,4.0
4444,Universitas Muhammadiyah Yogyakarta,5.0
4445,Universitas Mulawarman,
4446,Universitas Mulia,11.0
4447,Universitas Multi Data Palembang,2.0
4448,Universitas Multimedia Nusantara,3.0
4449,Universitas Multimedia Nusantara Jakarta,3.0
4450,Universitas Muria Kudus,6.0
4451,Universitas Musamus Merauke,
4452,Universitas Musi Rawas,2.0
4453,Universitas Muslim Buton,9.0
4454,Universitas Muslim Indonesia,9.0
4455,Universitas Muslim Maros,9.0
4456,Universitas Muslim Nusantara Al-Washliyah,1.0
4457,Universitas Muslim Nusantara Al-Wasliyah,1.0
4458,Universitas Nahdlatul Ulama Al Ghazali Cilacap,6.0
4459,Universitas Nahdlatul Ulama Blitar,7.0
4460,Universitas Nahdlatul Ulama Cirebon,4.0
4461,Universitas Nahdlatul Ulama Gorontalo,16.0
4462,Universitas Nahdlatul Ulama Indonesia,3.0
4463,Universitas Nahdlatul Ulama Kalimantan Barat,11.0
4464,Universitas Nahdlatul Ulama Kalimantan Selatan,11.0
4465,Universitas Nahdlatul Ulama Kalimantan Timur,11.0
4466,Universitas Nahdlatul Ulama Lampung,2.0
4467,Universitas Nahdlatul Ulama Nusa Tenggara Barat,8.0
4468,Universitas Nahdlatul Ulama Purwokerto,6.0
4469,Universitas Nahdlatul Ulama Sidoarjo,7.0
4470,Universitas Nahdlatul Ulama Sulawesi Tenggara,9.0
4471,Universitas Nahdlatul Ulama Sumatera Barat,10.0
4472,Universitas Nahdlatul Ulama Sumatera Utara,1.0
4473,Universitas Nahdlatul Ulama Sunan Giri,7.0
4474,Universitas Nahdlatul Ulama Surabaya,7.0
4475,Universitas Nahdlatul Ulama Surakarta,6.0
4476,Universitas Nahdlatul Ulama Yogyakarta,5.0
4477,Universitas Nahdlatul Wathan Mataram,8.0
4478,Universitas Nani Bili Nusantara,14.0
4479,Universitas Narotama,7.0
4480,Universitas Nasional,3.0
4481,Universitas Nasional Karangturi Semarang,6.0
4482,Universitas Nasional Pasim,4.0
4483,Universitas Negeri Gorontalo,
4484,Universitas Negeri Jakarta,
4485,Universitas Negeri Makassar,
4486,Universitas Negeri Malang,
4487,Universitas Negeri Manado,
4488,Universitas Negeri Medan,
4489,Universitas Negeri Padang,
4490,Universitas Negeri Papua,
4491,Universitas Negeri Semarang,
4492,Universitas Negeri Surabaya,
4493,Universitas Negeri Yogyakarta,
4494,Universitas Ngudi Waluyo,6.0
4495,Universitas Ngurah Rai,8.0
4496,Universitas Nuku,12.0
4497,Universitas Nurdin Hamzah,10.0
4498,Universitas Nurtanio,4.0
4499,Universitas Nurul Jadid,7.0
4500,Universitas Nusa Bangsa,4.0
4501,Universitas Nusa Cendana,
4502,Universitas Nusa Lontar Rote,15.0
4503,Universitas Nusa Mandiri,3.0
4504,Universitas Nusa Nipa,15.0
4505,Universitas Nusa Putra,4.0
4506,Universitas Nusa Tenggara Barat,8.0
4507,Universitas Nusantara Manado,16.0
4508,Universitas Nusantara Pgri Kediri,7.0
4509,Universitas Ottow Geissler,14.0
4510,Universitas Padjadjaran,
4511,Universitas Pahlawan Tuanku Tambusai,10.0
4512,Universitas Pakuan,4.0
4513,Universitas Palangka Raya,
4514,Universitas Palembang,2.0
4515,Universitas Pamulang,4.0
4516,Universitas Panca Bhakti,11.0
4517,Universitas Panca Marga,7.0
4518,Universitas Panca Sakti Bekasi,4.0
4519,Universitas Pancasakti,9.0
4520,Universitas Pancasakti Makassar,
4521,Universitas Pancasakti Tegal,6.0
4522,Universitas Pancasila,3.0
4523,Universitas Pandanaran,6.0
4524,Universitas Panji Sakti,8.0
4525,Universitas Panji Sakti Singaraja,8.0
4526,Universitas Papua,
4527,Universitas Paramadina,3.0
4528,Universitas Pasifik Morotai,12.0
4529,Universitas Pasir Pengaraian,10.0
4530,Universitas Pasir Pengaraian Pekanbaru,10.0
4531,Universitas Pasundan,4.0
4532,Universitas Pat Petulai,2.0
4533,Universitas Patria Artha,9.0
4534,Universitas Pattimura,
4535,Universitas Pawyatan Daha,7.0
4536,Universitas Pejuang Republik Indonesia,9.0
4537,Universitas Pekalongan,6.0
4538,Universitas Pelita Bangsa,4.0
4539,Universitas Pelita Harapan,3.0
4540,Universitas Pelita Harapan Medan,1.0
4541,Universitas Pelita Harapan Surabaya,7.0
4542,Universitas Pembanguan Nasional Veteran Yogyakarta,
4543,Universitas Pembangunan Indonesia,16.0
4544,Universitas Pembangunan Jaya,4.0
4545,Universitas Pembangunan Nasional &Quot;Veteran&Quot; Jawa Timur,
4546,Universitas Pembangunan Nasional Veteran Jakarta,
4547,Universitas Pembangunan Nasional Veteran Jawa Timur,
4548,Universitas Pembangunan Nasional Veteran Yogyakarta,
4549,Universitas Pembangunan Panca Budi,1.0
4550,Universitas Pembinaan Masyarakat Indonesia,1.0
4551,Universitas Pembinaan Masyarakat Indonesia Medan,1.0
4552,Universitas Pendidikan Ganesha,
4553,Universitas Pendidikan Indonesia,
4554,Universitas Pendidikan Indonesia Kampus Sumedang,
4555,Universitas Pendidikan Mandalika,8.0
4556,Universitas Pendidikan Muhammadiyah Sorong,14.0
4557,Universitas Pendidikan Nasional,8.0
4558,Universitas Pepabri Makassar,9.0
4559,Universitas Peradaban,6.0
4560,Universitas Perintis Indonesia,10.0
4561,Universitas Perjuangan Tasikmalaya,4.0
4562,Universitas Persada Indonesia Yai,3.0
4563,Universitas Persatuan Guru 1945 Ntt,15.0
4564,Universitas Persatuan Islam,4.0
4565,Universitas Pertahanan,
4566,Universitas Pertahanan Jakarta,
4567,Universitas Pertamina,3.0
4568,Universitas Pesantren Tinggi Darul Ulum,7.0
4569,Universitas Pesantren Tinggi Darul `Ulum Jombang,7.0
4570,Universitas Pesantren Tinggi Darul Ulum Jombang,
4571,Universitas Pesantren Tinggi Darul 'Ulum Jombang,
4572,Universitas Pgri Adi Buana,7.0
4573,Universitas Pgri Adi Buana Surabaya,7.0
4574,Universitas Pgri Argopuro Jember,7.0
4575,Universitas Pgri Banyuwangi,7.0
4576,Universitas Pgri Kanjuruhan Malang,7.0
4577,Universitas Pgri Madiun,7.0
4578,Universitas Pgri Mahadewa Indonesia,8.0
4579,Universitas Pgri Palangka Raya,11.0
4580,Universitas Pgri Palembang,2.0
4581,Universitas Pgri Ronggolawe,7.0
4582,Universitas Pgri Semarang,6.0
4583,Universitas Pgri Wiranegara,7.0
4584,Universitas Pgri Yogyakarta,5.0
4585,Universitas Potensi Utama,1.0
4586,Universitas Pradita,3.0
4587,Universitas Pramita Indonesia,4.0
4588,Universitas Prasetiya Mulya,3.0
4589,Universitas Presiden,4.0
4590,Universitas Prima Indonesia,1.0
4591,Universitas Primagraha,4.0
4592,Universitas Prisma,16.0
4593,Universitas Prof Dr Hazairin Sh,2.0
4594,Universitas Prof Dr Moestopo (Beragama),3.0
4595,Universitas Prof. Dr. Moestopo ( Beragama ),3.0
4596,Universitas Prof. Dr. Moestopo (Beragama),3.0
4597,Universitas Proklamasi 45,5.0
4598,Universitas Puangrimaggalatung,9.0
4599,Universitas Putera Batam,10.0
4600,Universitas Putra Bangsa,6.0
4601,Universitas Putra Indonesia,4.0
4602,Universitas Putra Indonesia Yptk,10.0
4603,Universitas Putra Indonesia Yptk Padang,10.0
4604,Universitas Qamarul Huda Badaruddin Bagu,8.0
4605,Universitas Qomaruddin,7.0
4606,Universitas Quality,1.0
4607,Universitas Quality Berastagi,1.0
4608,Universitas Raharja,4.0
4609,Universitas Ratu Samban,2.0
4610,Universitas Respati Indonesia,3.0
4611,Universitas Respati Yogyakarta,5.0
4612,Universitas Riau,
4613,Universitas Riau Kepulauan,10.0
4614,Universitas Sahid,3.0
4615,Universitas Sahid Surakarta,6.0
4616,Universitas Sains Al Qur`An,6.0
4617,Universitas Sains Alqur An,6.0
4618,Universitas Sains Al-Qur An,
4619,Universitas Sains Al-Qur'An,
4620,Universitas Sains Cut Nyak Dhien,13.0
4621,Universitas Sains Dan Teknologi Jayapura,14.0
4622,Universitas Sains Dan Teknologi Komputer,6.0
4623,Universitas Sam Ratulangi,
4624,Universitas Samawa,8.0
4625,Universitas Sampoerna,3.0
4626,Universitas Samudra,
4627,Universitas San Pedro,15.0
4628,Universitas Sanata Dharma,5.0
4629,Universitas Sang Bumi Ruwa Jurai,2.0
4630,Universitas Sangga Buana,4.0
4631,Universitas Sari Mulia,11.0
4632,Universitas Sari Mutiara Indonesia,
4633,Universitas Sari Mutiara Indonesia Medan,1.0
4634,Universitas Sari Putra Indonesia Tomohon,16.0
4635,Universitas Sariputra Indonesia Tomohon,16.0
4636,Universitas Sarjanawiayata Tamansiswa,5.0
4637,Universitas Sarjanawiyata Tamansiswa,5.0
4638,Universitas Satya Negara Indonesia,3.0
4639,Universitas Satya Wiyata Mandala,14.0
4640,Universitas Sawerigading Makassar,9.0
4641,Universitas Sebelas Maret,
4642,Universitas Selamat Sri,6.0
4643,Universitas Semarang,6.0
4644,Universitas Sembilanbelas November Kolaka,
4645,Universitas Serambi Mekkah,13.0
4646,Universitas Serang Raya,4.0
4647,Universitas Setia Budi,6.0
4648,Universitas Setia Budi Surakarta,6.0
4649,Universitas Siliwangi,
4650,Universitas Simalungun,1.0
4651,Universitas Singaperbangsa,4.0
4652,Universitas Singaperbangsa Karawang,
4653,Universitas Sintuwu Maroso Poso,16.0
4654,Universitas Sisingamangaraja Xii Tapanuli Utara,1.0
4655,Universitas Sjakhyakirti,2.0
4656,Universitas Slamet Riyadi,6.0
4657,Universitas Soerjo,7.0
4658,Universitas Sriwijaya,
4659,Universitas Stikubank,6.0
4660,Universitas Subang,4.0
4661,Universitas Sulawesi Barat,
4662,Universitas Sulawesi Tenggara,9.0
4663,Universitas Sultan Ageng Tirtayasa,
4664,Universitas Sultan Fatah,6.0
4665,Universitas Sumatera Selatan,2.0
4666,Universitas Sumatera Utara,
4667,Universitas Sunan Bonang,7.0
4668,Universitas Sunan Giri,7.0
4669,Universitas Sunan Giri Surabaya,7.0
4670,Universitas Surabaya,7.0
4671,Universitas Surakarta,6.0
4672,Universitas Surapati,3.0
4673,Universitas Surya,4.0
4674,Universitas Surya Bogor,4.0
4675,Universitas Suryadarma,3.0
4676,Universitas Suryakancana,4.0
4677,Universitas Sutomo,1.0
4678,Universitas Swadaya Gunung Djati,4.0
4679,Universitas Swiss German,4.0
4680,Universitas Syiah Kuala,
4681,Universitas Tabanan,8.0
4682,Universitas Tadulako,
4683,Universitas Tama Jagakarsa,3.0
4684,Universitas Tamansiswa,10.0
4685,Universitas Tamansiswa Palembang,2.0
4686,Universitas Tangerang Raya,4.0
4687,Universitas Tanjungpura,
4688,Universitas Tanri Abeng,3.0
4689,Universitas Tarumanagara,3.0
4690,Universitas Teknokrat Indonesia,2.0
4691,Universitas Teknologi Indonesia,8.0
4692,Universitas Teknologi Mataram,8.0
4693,Universitas Teknologi Nusantara Cilegon,4.0
4694,Universitas Teknologi Sulawesi,9.0
4695,Universitas Teknologi Sulawesi Utara,16.0
4696,Universitas Teknologi Sumbawa,8.0
4697,Universitas Teknologi Surabaya,7.0
4698,Universitas Teknologi Yogyakarta,5.0
4699,Universitas Telkom,4.0
4700,Universitas Terbuka,
4701,Universitas Teuku Umar,
4702,Universitas Teuku Umar Meulaboh,
4703,Universitas Tidar,
4704,Universitas Timika,14.0
4705,Universitas Timor,
4706,Universitas Tjut Nyak Dhien,1.0
4707,Universitas Tomakaka,9.0
4708,Universitas Tompotika Luwuk Banggai,16.0
4709,Universitas Triatma Mulya,8.0
4710,Universitas Tribhuwana Tungga Dewi,7.0
4711,Universitas Tribhuwana Tunggadewi,7.0
4712,Universitas Tribuana Kalabahi,15.0
4713,Universitas Tridharma,11.0
4714,Universitas Tridinanti,2.0
4715,Universitas Trilogi,3.0
4716,Universitas Trilogi Jakarta,3.0
4717,Universitas Trinita,16.0
4718,Universitas Trisakti,3.0
4719,Universitas Trunajaya Bontang,11.0
4720,Universitas Trunojoyo,
4721,Universitas Tulang Bawang,2.0
4722,Universitas Tulungagung,7.0
4723,Universitas Tunas Pembangunan,6.0
4724,Universitas Tunas Pembangunan Surakarta (Utp),6.0
4725,Universitas Ubudiyah Indonesia,13.0
4726,Universitas U'Budiyah Indonesia,
4727,Universitas Udayana,
4728,Universitas Universal,10.0
4729,Universitas Veteran Bangun Nusantara,6.0
4730,Universitas Victory Sorong,14.0
4731,Universitas W R Supratman,7.0
4732,Universitas Wahid Hasyim,6.0
4733,Universitas Wahidiyah,7.0
4734,Universitas Wanita Internasional,4.0
4735,Universitas Warmadewa,8.0
4736,Universitas Widya Dharma,6.0
4737,Universitas Widya Dharma Klaten,
4738,Universitas Widya Dharma Pontianak,11.0
4739,Universitas Widya Gama,7.0
4740,Universitas Widya Gama Mahakam Samarinda,11.0
4741,Universitas Widya Husada Semarang,6.0
4742,Universitas Widya Kartika,7.0
4743,Universitas Widya Mataram,5.0
4744,Universitas Widyatama,4.0
4745,Universitas Wijaya Kusuma Purwokerto,6.0
4746,Universitas Wijaya Kusuma Surabaya,7.0
4747,Universitas Wijaya Putra,7.0
4748,Universitas Winaya Mukti,4.0
4749,Universitas Wiralodra,4.0
4750,Universitas Wiraraja,7.0
4751,Universitas Wiraswasta Indonesia,3.0
4752,Universitas Wisnuwardhana,7.0
4753,Universitas Wr Supratman,7.0
4754,Universitas Yapis Papua,14.0
4755,Universitas Yarsi,3.0
4756,Universitas Yos Soedarso,7.0
4757,Universitas Yos Sudarso,7.0
4758,Universitas Yudharta Pasuruan,7.0
4759,Unversitas Mitra Indonesia,2.0
